ID,type,com_1,com_2,com_cat,product_base,product_s,c_2,c_cattype,c_OH,c_add,c_sol_ratio,con_temperature1,con_time1,con_time2,con_avg_temperature,con_total_time,label_yield,label_ee,label_er
6,1,c1ccc(CNc2cc3ccc2OCCCCCCCCCCO3)cc1,O=C1c2ccccc2S(=O)(=O)N1Sc1ccccc1C(F)(F)F,CC(C)N(C(C)C)P1(=S)Oc2ccc3ccccc3c2-c2c(ccc3ccccc23)O1,[*]c1cc2c(NCc3ccccc3)cc1OCCCCCCCCCCO2,FC(F)(F)c1ccccc1Sc1cc2c(NCc3ccccc3)cc1OCCCCCCCCCCO2,1.05,0,0,0.4,0,0,12,0,0,12,65,0.8,1.016129032
6,1,c1ccc(CNc2cc3ccc2OCCCCCCCCCCO3)cc1,O=C1c2ccccc2S(=O)(=O)N1Sc1ccccc1C(F)(F)F,CC(C)N(C(C)C)P1(=[Se])Oc2ccc3ccccc3c2-c2c(ccc3ccccc23)O1,[*]c1cc2c(NCc3ccccc3)cc1OCCCCCCCCCCO2,FC(F)(F)c1ccccc1Sc1cc2c(NCc3ccccc3)cc1OCCCCCCCCCCO2,1.05,1,0,0.4,0,0,12,0,0,12,82,31.4,1.915451895
6,1,c1ccc(CNc2cc3ccc2OCCCCCCCCCCO3)cc1,O=C1c2ccccc2S(=O)(=O)N1Sc1ccccc1C(F)(F)F,CC(C)N(C(C)C)P1(=S)N(C)c2ccc3ccccc3c2-c2c(ccc3ccccc23)N1C,[*]c1cc2c(NCc3ccccc3)cc1OCCCCCCCCCCO2,FC(F)(F)c1ccccc1Sc1cc2c(NCc3ccccc3)cc1OCCCCCCCCCCO2,1.05,2,0,0.4,0,0,12,0,0,12,78,38.1,2.231017771
6,1,c1ccc(CNc2cc3ccc2OCCCCCCCCCCO3)cc1,O=C1c2ccccc2S(=O)(=O)N1Sc1ccccc1C(F)(F)F,CC(C)N(C(C)C)P1(=[Se])N(C)c2ccc3ccccc3c2-c2c(ccc3ccccc23)N1C,[*]c1cc2c(NCc3ccccc3)cc1OCCCCCCCCCCO2,FC(F)(F)c1ccccc1Sc1cc2c(NCc3ccccc3)cc1OCCCCCCCCCCO2,1.05,3,0,0.4,0,0,12,0,0,12,89,28.3,1.789400279
6,1,c1ccc(CNc2cc3ccc2OCCCCCCCCCCO3)cc1,O=C1c2ccccc2S(=O)(=O)N1Sc1ccccc1C(F)(F)F,CC(C)N(C(C)C)P1(=[Se])Oc2cccc3c2C2(CC3)CCc3cccc(c32)O1,[*]c1cc2c(NCc3ccccc3)cc1OCCCCCCCCCCO2,FC(F)(F)c1ccccc1Sc1cc2c(NCc3ccccc3)cc1OCCCCCCCCCCO2,1.05,5,0,0.4,0,0,12,0,0,12,81,0,1
6,1,c1ccc(CNc2cc3ccc2OCCCCCCCCCCO3)cc1,O=C1c2ccccc2S(=O)(=O)N1Sc1ccccc1C(F)(F)F,CC(C)N(C(C)C)P1(=S)Oc2cccc3c2C2(CC3)CCc3cccc(c32)O1,[*]c1cc2c(NCc3ccccc3)cc1OCCCCCCCCCCO2,FC(F)(F)c1ccccc1Sc1cc2c(NCc3ccccc3)cc1OCCCCCCCCCCO2,1.05,4,0,0.4,0,0,12,0,0,12,62,1,1.02020202
6,1,c1ccc(CNc2cc3ccc2OCCCCCCCCCCO3)cc1,O=C1c2ccccc2S(=O)(=O)N1Sc1ccccc1C(F)(F)F,CC(C)N(C(C)C)P1(=S)Oc2ccc3c(c2-c2c(ccc4c2CCCC4)O1)CCCC3,[*]c1cc2c(NCc3ccccc3)cc1OCCCCCCCCCCO2,FC(F)(F)c1ccccc1Sc1cc2c(NCc3ccccc3)cc1OCCCCCCCCCCO2,1.05,8,0,0.4,0,0,12,0,0,12,82,0,1
6,1,c1ccc(CNc2cc3ccc2OCCCCCCCCCCO3)cc1,O=C1c2ccccc2S(=O)(=O)N1Sc1ccccc1C(F)(F)F,CC(C)N(C(C)C)P1(=[Se])Oc2ccc3c(c2-c2c(ccc4c2CCCC4)O1)CCCC3,[*]c1cc2c(NCc3ccccc3)cc1OCCCCCCCCCCO2,FC(F)(F)c1ccccc1Sc1cc2c(NCc3ccccc3)cc1OCCCCCCCCCCO2,1.05,9,0,0.4,0,0,12,0,0,12,69,1.2,1.024291498
6,1,c1ccc(CNc2cc3ccc2OCCCCCCCCCCO3)cc1,O=C1c2ccccc2S(=O)(=O)N1Sc1ccccc1C(F)(F)F,CC(C)N(C(C)C)P1(=S)N(C)c2ccc3c(c2-c2c(ccc4c2CCCC4)N1C)CCCC3,[*]c1cc2c(NCc3ccccc3)cc1OCCCCCCCCCCO2,FC(F)(F)c1ccccc1Sc1cc2c(NCc3ccccc3)cc1OCCCCCCCCCCO2,1.05,10,0,0.4,0,0,12,0,0,12,79,19.5,1.48447205
6,1,c1ccc(CNc2cc3ccc2OCCCCCCCCCCO3)cc1,O=C1c2ccccc2S(=O)(=O)N1Sc1ccccc1C(F)(F)F,CC(C)N(C(C)C)P1(=[Se])N(C)c2ccc3c(c2-c2c(ccc4c2CCCC4)N1C)CCCC3,[*]c1cc2c(NCc3ccccc3)cc1OCCCCCCCCCCO2,FC(F)(F)c1ccccc1Sc1cc2c(NCc3ccccc3)cc1OCCCCCCCCCCO2,1.05,11,0,0.4,0,0,12,0,0,12,92,11.2,1.252252252
6,1,c1ccc(CNc2cc3ccc2OCCCCCCCCCCO3)cc1,O=C1c2ccccc2S(=O)(=O)N1Sc1ccccc1C(F)(F)F,CC(C)N(C(C)C)P1(=[Se])N(C)c2cccc3c2C2(CC3)CCc3cccc(c32)N1C,[*]c1cc2c(NCc3ccccc3)cc1OCCCCCCCCCCO2,FC(F)(F)c1ccccc1Sc1cc2c(NCc3ccccc3)cc1OCCCCCCCCCCO2,1.05,7,0,0.4,0,0,12,0,0,12,94,7.8,1.169197397
6,1,c1ccc(CNc2cc3ccc2OCCCCCCCCCCO3)cc1,O=C1c2ccccc2S(=O)(=O)N1Sc1ccccc1C(F)(F)F,CC(C)N(C(C)C)P1(=S)N(C)c2cccc3c2C2(CC3)CCc3cccc(c32)N1C,[*]c1cc2c(NCc3ccccc3)cc1OCCCCCCCCCCO2,FC(F)(F)c1ccccc1Sc1cc2c(NCc3ccccc3)cc1OCCCCCCCCCCO2,1.05,6,0,0.4,0,0,12,0,0,12,93,39.1,2.28407225
6,1,c1ccc(CNc2cc3ccc2OCCCCCCCCCCO3)cc1,O=C1c2ccccc2S(=O)(=O)N1Sc1ccccc1C(F)(F)F,CC(C)N(C(C)C)P1(=S)Oc2cccc3c2C2(CO3)COc3cccc(c32)O1,[*]c1cc2c(NCc3ccccc3)cc1OCCCCCCCCCCO2,FC(F)(F)c1ccccc1Sc1cc2c(NCc3ccccc3)cc1OCCCCCCCCCCO2,1.05,4,0,0.4,0,0,12,0,0,12,82,0,1
6,1,c1ccc(CNc2cc3ccc2OCCCCCCCCCCO3)cc1,O=C1c2ccccc2S(=O)(=O)N1Sc1ccccc1C(F)(F)F,CC(C)N(C(C)C)P1(=[Se])Oc2cccc3c2C2(CO3)COc3cccc(c32)O1,[*]c1cc2c(NCc3ccccc3)cc1OCCCCCCCCCCO2,FC(F)(F)c1ccccc1Sc1cc2c(NCc3ccccc3)cc1OCCCCCCCCCCO2,1.05,5,0,0.4,0,0,12,0,0,12,87,0,1
6,1,c1ccc(CNc2cc3ccc2OCCCCCCCCCCO3)cc1,O=C1c2ccccc2S(=O)(=O)N1Sc1ccccc1C(F)(F)F,CC(C)N(C(C)(C)C)P1(=S)N(C)c2ccc3ccccc3c2-c2c(ccc3ccccc23)N1C,[*]c1cc2c(NCc3ccccc3)cc1OCCCCCCCCCCO2,FC(F)(F)c1ccccc1Sc1cc2c(NCc3ccccc3)cc1OCCCCCCCCCCO2,1.05,2,0,0.4,0,0,12,0,0,12,95,73.1,6.434944238
6,1,c1ccc(CNc2cc3ccc2OCCCCCCCCCCO3)cc1,O=C1c2ccccc2S(=O)(=O)N1Sc1ccccc1C(F)(F)F,CN1c2ccc3ccccc3c2-c2c(ccc3ccccc23)N(C)P1(=S)N(C)[C@]12C[C@H]3C[C@H](C[C@H](C3)C1)C2,[*]c1cc2c(NCc3ccccc3)cc1OCCCCCCCCCCO2,FC(F)(F)c1ccccc1Sc1cc2c(NCc3ccccc3)cc1OCCCCCCCCCCO2,1.05,2,0,0.4,0,0,12,0,0,12,92,34.5,2.053435115
6,1,c1ccc(CNc2cc3ccc2OCCCCCCCCCCO3)cc1,O=C1c2ccccc2S(=O)(=O)N1Sc1ccccc1C(F)(F)F,CC(C)N(C(c1ccccc1)c1ccccc1)P1(=S)N(C)c2ccc3ccccc3c2-c2c(ccc3ccccc23)N1C,[*]c1cc2c(NCc3ccccc3)cc1OCCCCCCCCCCO2,FC(F)(F)c1ccccc1Sc1cc2c(NCc3ccccc3)cc1OCCCCCCCCCCO2,1.05,2,0,0.4,0,0,12,0,0,12,82,26,1.702702703
6,1,c1ccc(CNc2cc3ccc2OCCCCCCCCCCO3)cc1,O=C1c2ccccc2S(=O)(=O)N1Sc1ccccc1C(F)(F)F,CC(C)N([C@H]1CCCc2ccccc21)P1(=S)N(C)c2ccc3ccccc3c2-c2c(ccc3ccccc23)N1C,[*]c1cc2c(NCc3ccccc3)cc1OCCCCCCCCCCO2,FC(F)(F)c1ccccc1Sc1cc2c(NCc3ccccc3)cc1OCCCCCCCCCCO2,1.05,2,0,0.4,0,0,12,0,0,12,77,29.4,1.83286119
6,1,c1ccc(CNc2cc3ccc2OCCCCCCCCCCO3)cc1,O=C1c2ccccc2S(=O)(=O)N1Sc1ccccc1C(F)(F)F,CC(C)N([C@H](C)c1ccccc1)P1(=S)N(C)c2ccc3ccccc3c2-c2c(ccc3ccccc23)N1C,[*]c1cc2c(NCc3ccccc3)cc1OCCCCCCCCCCO2,FC(F)(F)c1ccccc1Sc1cc2c(NCc3ccccc3)cc1OCCCCCCCCCCO2,1.05,2,0,0.4,0,0,12,0,0,12,82,25.4,1.680965147
6,1,c1ccc(CNc2cc3ccc2OCCCCCCCCCCO3)cc1,O=C1c2ccccc2S(=O)(=O)N1Sc1ccccc1C(F)(F)F,CC(C)[C@@H](c1ccccc1)N(C(C)C)P1(=S)N(C)c2ccc3ccccc3c2-c2c(ccc3ccccc23)N1C,[*]c1cc2c(NCc3ccccc3)cc1OCCCCCCCCCCO2,FC(F)(F)c1ccccc1Sc1cc2c(NCc3ccccc3)cc1OCCCCCCCCCCO2,1.05,2,0,0.4,0,0,12,0,0,12,54,39.1,2.28407225
6,1,c1ccc(CNc2cc3ccc2OCCCCCCCCCCO3)cc1,O=C1c2ccccc2S(=O)(=O)N1Sc1ccccc1C(F)(F)F,CC(C)N([C@H](c1ccccc1)C(F)(F)F)P1(=S)N(C)c2ccc3ccccc3c2-c2c(ccc3ccccc23)N1C,[*]c1cc2c(NCc3ccccc3)cc1OCCCCCCCCCCO2,FC(F)(F)c1ccccc1Sc1cc2c(NCc3ccccc3)cc1OCCCCCCCCCCO2,1.05,2,0,0.4,0,0,12,0,0,12,53,13.5,1.312138728
6,1,c1ccc(CNc2cc3ccc2OCCCCCCCCCCO3)cc1,O=C1c2ccccc2S(=O)(=O)N1Sc1ccccc1C(F)(F)F,C[C@H](c1ccccc1)N([C@H](C)c1ccccc1)P1(=S)N(C)c2ccc3ccccc3c2-c2c(ccc3ccccc23)N1C,[*]c1cc2c(NCc3ccccc3)cc1OCCCCCCCCCCO2,FC(F)(F)c1ccccc1Sc1cc2c(NCc3ccccc3)cc1OCCCCCCCCCCO2,1.05,2,0,0.4,0,0,12,0,0,12,50,24.5,1.649006623
6,1,c1ccc(CNc2cc3ccc2OCCCCCCCCCCO3)cc1,O=C1c2ccccc2S(=O)(=O)N1Sc1ccccc1C(F)(F)F,CN1c2ccc3ccccc3c2-c2c(ccc3ccccc23)N(C)P1(=S)N(Cc1ccccc1)Cc1ccccc1,[*]c1cc2c(NCc3ccccc3)cc1OCCCCCCCCCCO2,FC(F)(F)c1ccccc1Sc1cc2c(NCc3ccccc3)cc1OCCCCCCCCCCO2,1.05,2,0,0.4,0,0,12,0,0,12,55,1.1,1.022244692
6,1,c1ccc(CNc2cc3ccc2OCCCCCCCCCCO3)cc1,O=C1c2ccccc2S(=O)(=O)N1Sc1ccccc1C(F)(F)F,CN1c2ccc3ccccc3c2-c2c(ccc3ccccc23)N(C)P1(=S)N1c2ccccc2C=Cc2ccccc21,[*]c1cc2c(NCc3ccccc3)cc1OCCCCCCCCCCO2,FC(F)(F)c1ccccc1Sc1cc2c(NCc3ccccc3)cc1OCCCCCCCCCCO2,1.05,2,0,0.4,0,0,12,0,0,12,66,18,1.43902439
6,1,c1ccc(CNc2cc3ccc2OCCCCCCCCCCO3)cc1,O=C1c2ccccc2S(=O)(=O)N1Sc1ccccc1C(F)(F)F,CC(C)N(C(C)(C)c1ccccc1)P1(=S)N(C)c2ccc3ccccc3c2-c2c(ccc3ccccc23)N1C,[*]c1cc2c(NCc3ccccc3)cc1OCCCCCCCCCCO2,FC(F)(F)c1ccccc1Sc1cc2c(NCc3ccccc3)cc1OCCCCCCCCCCO2,1.05,2,0,0.4,0,0,12,0,0,12,89,50.5,3.04040404
6,1,c1ccc(CNc2cc3ccc2OCCCCCCCCCCO3)cc1,O=C1c2ccccc2S(=O)(=O)N1Sc1ccccc1C(F)(F)F,CC[C@H](c1ccccc1)N(C(C)C)P1(=S)N(C)c2ccc3ccccc3c2-c2c(ccc3ccccc23)N1C,[*]c1cc2c(NCc3ccccc3)cc1OCCCCCCCCCCO2,FC(F)(F)c1ccccc1Sc1cc2c(NCc3ccccc3)cc1OCCCCCCCCCCO2,1.05,2,0,0.4,0,0,12,0,0,12,78,28.6,1.801120448
6,1,c1ccc(CNc2cc3ccc2OCCCCCCCCCCO3)cc1,O=C1c2ccccc2S(=O)(=O)N1Sc1ccccc1C(F)(F)F,CN1c2ccc3ccccc3c2-c2c(ccc3ccccc23)N(C)P1(=S)N1C(C)(C)CCCC1(C)C,[*]c1cc2c(NCc3ccccc3)cc1OCCCCCCCCCCO2,FC(F)(F)c1ccccc1Sc1cc2c(NCc3ccccc3)cc1OCCCCCCCCCCO2,1.05,2,0,0.4,0,0,12,0,0,12,93,7.6,1.164502165
6,1,c1ccc(CNc2cc3ccc2OCCCCCCCCCCO3)cc1,O=C1c2ccccc2S(=O)(=O)N1Sc1ccccc1C(F)(F)F,CN(C)P1(=S)N(c2ccccc2)c2ccc3ccccc3c2-c2c(ccc3ccccc23)N1c1ccccc1,[*]c1cc2c(NCc3ccccc3)cc1OCCCCCCCCCCO2,FC(F)(F)c1ccccc1Sc1cc2c(NCc3ccccc3)cc1OCCCCCCCCCCO2,1.05,2,0,0.4,0,0,12,0,0,12,49,6.2,1.132196162
6,1,c1ccc(CNc2cc3ccc2OCCCCCCCCCCO3)cc1,O=C1c2ccccc2S(=O)(=O)N1Sc1ccccc1C(F)(F)F,CN1c2ccc3ccccc3c2-c2c(ccc3ccccc23)N(C)P1(=S)N1CCCc2ccccc21,[*]c1cc2c(NCc3ccccc3)cc1OCCCCCCCCCCO2,FC(F)(F)c1ccccc1Sc1cc2c(NCc3ccccc3)cc1OCCCCCCCCCCO2,1.05,2,0,0.4,0,0,12,0,0,12,68,7,1.150537634
6,1,c1ccc(CNc2cc3ccc2OCCCCCCCCCCO3)cc1,O=C1c2ccccc2S(=O)(=O)N1Sc1ccccc1C(F)(F)F,C[C@H](c1ccc2ccccc2c1)N([C@H](C)c1ccc2ccccc2c1)P1(=S)N(C)c2ccc3ccccc3c2-c2c(ccc3ccccc23)N1C,[*]c1cc2c(NCc3ccccc3)cc1OCCCCCCCCCCO2,FC(F)(F)c1ccccc1Sc1cc2c(NCc3ccccc3)cc1OCCCCCCCCCCO2,1.05,2,0,0.4,0,0,12,0,0,12,48,16.3,1.38948626
1,1,Cc1ccccc1-c1c(O)cccc1O,COc1cc(C)c(SN2C(=O)c3ccccc3S2(=O)=O)c(C)c1,CC(C)N(C(C)C)P1(=[Se])N(C)c2ccc3ccccc3c2-c2c(ccc3ccccc23)N1C,Cc1ccccc1-c1c(O)ccc([*])c1O,COc1cc(C)c(Sc2ccc(O)c(-c3ccccc3C)c2O)c(C)c1,1.5,3,0,0.1,0,-60,24,5,-53.10344828,29,75,9,1.197802198
1,1,Cc1ccccc1-c1c(O)cccc1O,COc1cc(C)c(SN2C(=O)c3ccccc3S2(=O)=O)c(C)c1,CC(C)N(C(C)C)P1(=[Se])Oc2ccc3ccccc3c2-c2c(ccc3ccccc23)O1,Cc1ccccc1-c1c(O)ccc([*])c1O,COc1cc(C)c(Sc2ccc(O)c(-c3ccccc3C)c2O)c(C)c1,1.5,1,0,0.1,0,-60,24,5,-53.10344828,29,57,67,5.060606061
1,1,Cc1ccccc1-c1c(O)cccc1O,COc1cc(C)c(SN2C(=O)c3ccccc3S2(=O)=O)c(C)c1,CC(C)N(C(C)C)P1(=[Se])Oc2c(-c3ccccc3)cc3ccccc3c2-c2c(c(-c3ccccc3)cc3ccccc23)O1,Cc1ccccc1-c1c(O)ccc([*])c1O,COc1cc(C)c(Sc2ccc(O)c(-c3ccccc3C)c2O)c(C)c1,1.5,1,0,0.1,0,-60,24,5,-53.10344828,29,73,41,2.389830508
1,1,Cc1ccccc1-c1c(O)cccc1O,COc1cc(C)c(SN2C(=O)c3ccccc3S2(=O)=O)c(C)c1,Cc1cc2ccccc2c2c1OP(=[Se])(N(C(C)C)C(C)C)Oc1c(C)cc3ccccc3c1-2,Cc1ccccc1-c1c(O)ccc([*])c1O,COc1cc(C)c(Sc2ccc(O)c(-c3ccccc3C)c2O)c(C)c1,1.5,1,0,0.1,0,-60,24,5,-53.10344828,29,72,70,5.666666667
1,1,Cc1ccccc1-c1c(O)cccc1O,COc1cc(C)c(SN2C(=O)c3ccccc3S2(=O)=O)c(C)c1,COc1cc2ccccc2c2c1OP(=[Se])(N(C(C)C)C(C)C)Oc1c(OC)cc3ccccc3c1-2,Cc1ccccc1-c1c(O)ccc([*])c1O,COc1cc(C)c(Sc2ccc(O)c(-c3ccccc3C)c2O)c(C)c1,1.5,1,0,0.1,0,-60,24,5,-53.10344828,29,66,89,17.18181818
1,1,Cc1ccccc1-c1c(O)cccc1O,COc1cc(C)c(SN2C(=O)c3ccccc3S2(=O)=O)c(C)c1,CCOc1cc2ccccc2c2c1OP(=[Se])(N(C(C)C)C(C)C)Oc1c(OCC)cc3ccccc3c1-2,Cc1ccccc1-c1c(O)ccc([*])c1O,COc1cc(C)c(Sc2ccc(O)c(-c3ccccc3C)c2O)c(C)c1,1.5,1,0,0.1,0,-60,24,5,-53.10344828,29,84,89,17.18181818
1,1,Cc1ccccc1-c1c(O)cccc1O,COc1cc(C)c(SN2C(=O)c3ccccc3S2(=O)=O)c(C)c1,CC(C)N(C(C)C)P1(=[Se])Oc2c(OCc3ccccc3)cc3ccccc3c2-c2c(c(OCc3ccccc3)cc3ccccc23)O1,Cc1ccccc1-c1c(O)ccc([*])c1O,COc1cc(C)c(Sc2ccc(O)c(-c3ccccc3C)c2O)c(C)c1,1.5,1,0,0.1,0,-60,24,5,-53.10344828,29,68,90,19
1,1,Cc1ccccc1-c1c(O)cccc1O,COc1cc(C)c(SN2C(=O)c3ccccc3S2(=O)=O)c(C)c1,CCC(C)N(C(C)CC)P1(=[Se])Oc2c(OC)cc3ccccc3c2-c2c(c(OC)cc3ccccc23)O1,Cc1ccccc1-c1c(O)ccc([*])c1O,COc1cc(C)c(Sc2ccc(O)c(-c3ccccc3C)c2O)c(C)c1,1.5,1,0,0.1,0,-60,24,5,-53.10344828,29,80,91,21.22222222
1,1,Cc1ccccc1-c1c(O)cccc1O,COc1cc(C)c(SN2C(=O)c3ccccc3S2(=O)=O)c(C)c1,CCOc1cc2ccccc2c2c1OP(=[Se])(N(C(C)CC)C(C)CC)Oc1c(OCC)cc3ccccc3c1-2,Cc1ccccc1-c1c(O)ccc([*])c1O,COc1cc(C)c(Sc2ccc(O)c(-c3ccccc3C)c2O)c(C)c1,1.5,1,0,0.1,0,-60,24,5,-53.10344828,29,79,92,24
1,1,Oc1cccc(O)c1-c1ccccc1COCc1ccccc1,COc1cc(C)c(SN2C(=O)c3ccccc3S2(=O)=O)c(C)c1,CCC(C)N(C(C)CC)P1(=[Se])Oc2c(OC)cc3ccccc3c2-c2c(c(OC)cc3ccccc23)O1,Oc1ccc([*])c(O)c1-c1ccccc1COCc1ccccc1,COc1cc(C)c(Sc2ccc(O)c(-c3ccccc3COCc3ccccc3)c2O)c(C)c1,1.5,1,0,0.1,0,-60,24,5,-53.10344828,29,59,81,9.526315789
1,1,Oc1cccc(O)c1-c1ccccc1COCc1ccccc1,COc1cc(C)c(SN2C(=O)c3ccccc3S2(=O)=O)c(C)c1,COc1cc2ccccc2c2c1OP(=[Se])(N(C(C)C)C(C)C)Oc1c(OC)cc3ccccc3c1-2,Oc1ccc([*])c(O)c1-c1ccccc1COCc1ccccc1,COc1cc(C)c(Sc2ccc(O)c(-c3ccccc3COCc3ccccc3)c2O)c(C)c1,1.5,1,0,0.1,0,-60,24,5,-53.10344828,29,55,85,12.33333333
1,1,Oc1cccc(O)c1-c1ccccc1COCc1ccccc1,COc1cc(C)c(SN2C(=O)c3ccccc3S2(=O)=O)c(C)c1,CCOc1cc2ccccc2c2c1OP(=[Se])(N(C(C)C)C(C)C)Oc1c(OCC)cc3ccccc3c1-2,Oc1ccc([*])c(O)c1-c1ccccc1COCc1ccccc1,COc1cc(C)c(Sc2ccc(O)c(-c3ccccc3COCc3ccccc3)c2O)c(C)c1,1.5,1,0,0.1,0,-60,12,12,-40,24,55,90,19
1,1,Oc1cccc(O)c1-c1ccccc1COCc1ccccc1,COc1cc(C)c(SN2C(=O)c3ccccc3S2(=O)=O)c(C)c1,CCOc1cc2ccccc2c2c1OP(=[Se])(N(C(C)CC)C(C)CC)Oc1c(OCC)cc3ccccc3c1-2,Oc1ccc([*])c(O)c1-c1ccccc1COCc1ccccc1,COc1cc(C)c(Sc2ccc(O)c(-c3ccccc3COCc3ccccc3)c2O)c(C)c1,1.5,1,0,0.1,0,-60,24,2.5,-56.22641509,26.5,74,88,15.66666667
1,1,COCc1ccccc1-c1c(O)cccc1O,COc1cc(C)c(SN2C(=O)c3ccccc3S2(=O)=O)c(C)c1,CC(C)N(C(C)C)P1(=[Se])Oc2c(OCc3ccccc3)cc3ccccc3c2-c2c(c(OCc3ccccc3)cc3ccccc23)O1,COCc1ccccc1-c1c(O)ccc([*])c1O,COCc1ccccc1-c1c(O)ccc(Sc2c(C)cc(OC)cc2C)c1O,1.5,1,0,0.1,0,-60,24,5,-53.10344828,29,66,88,15.66666667
1,1,COCc1ccccc1-c1c(O)cccc1O,COc1cc(C)c(SN2C(=O)c3ccccc3S2(=O)=O)c(C)c1,COc1cc2ccccc2c2c1OP(=[Se])(N(C(C)C)C(C)C)Oc1c(OC)cc3ccccc3c1-2,COCc1ccccc1-c1c(O)ccc([*])c1O,COCc1ccccc1-c1c(O)ccc(Sc2c(C)cc(OC)cc2C)c1O,1.5,1,0,0.1,0,-60,24,5,-53.10344828,29,61,86,13.28571429
1,1,COCc1ccccc1-c1c(O)cccc1O,COc1cc(C)c(SN2C(=O)c3ccccc3S2(=O)=O)c(C)c1,CCOc1cc2ccccc2c2c1OP(=[Se])(N(C(C)C)C(C)C)Oc1c(OCC)cc3ccccc3c1-2,COCc1ccccc1-c1c(O)ccc([*])c1O,COCc1ccccc1-c1c(O)ccc(Sc2c(C)cc(OC)cc2C)c1O,1.5,1,0,0.1,0,-60,24,5,-53.10344828,29,76,86,13.28571429
1,1,COCc1ccccc1-c1c(O)cccc1O,COc1cc(C)c(SN2C(=O)c3ccccc3S2(=O)=O)c(C)c1,CCOc1cc2ccccc2c2c1OP(=[Se])(N(C(C)CC)C(C)CC)Oc1c(OCC)cc3ccccc3c1-2,COCc1ccccc1-c1c(O)ccc([*])c1O,COCc1ccccc1-c1c(O)ccc(Sc2c(C)cc(OC)cc2C)c1O,1.5,1,0,0.1,0,-60,24,5,-53.10344828,29,66,83,10.76470588
1,1,COc1ccc(-c2c(O)cccc2O)c2ccccc12,COc1cc(C)c(SN2C(=O)c3ccccc3S2(=O)=O)c(C)c1,CC(C)N(C(C)C)P1(=[Se])Oc2c(OCc3ccccc3)cc3ccccc3c2-c2c(c(OCc3ccccc3)cc3ccccc23)O1,COc1ccc(-c2c(O)ccc([*])c2O)c2ccccc12,COc1cc(C)c(Sc2ccc(O)c(-c3ccc(OC)c4ccccc34)c2O)c(C)c1,1.5,1,0,0.1,1,-70,65,0,-70,65,79,77,7.695652174
1,1,COc1ccc(-c2c(O)cccc2O)c2ccccc12,COc1cc(C)c(SN2C(=O)c3ccccc3S2(=O)=O)c(C)c1,[2H]C([2H])([2H])Oc1cc2ccccc2c2c1OP(=[Se])(N(C(C)C)C(C)C)Oc1c(OC([2H])([2H])[2H])cc3ccccc3c1-2,COc1ccc(-c2c(O)ccc([*])c2O)c2ccccc12,COc1cc(C)c(Sc2ccc(O)c(-c3ccc(OC)c4ccccc34)c2O)c(C)c1,1.5,1,0,0.1,1,-70,65,0,-70,65,83,79,8.523809524
1,1,COc1ccc(-c2c(O)cccc2O)c2ccccc12,COc1cc(C)c(SN2C(=O)c3ccccc3S2(=O)=O)c(C)c1,CCOc1cc2ccccc2c2c1OP(=[Se])(N(C(C)C)C(C)C)Oc1c(OCC)cc3ccccc3c1-2,COc1ccc(-c2c(O)ccc([*])c2O)c2ccccc12,COc1cc(C)c(Sc2ccc(O)c(-c3ccc(OC)c4ccccc34)c2O)c(C)c1,1.5,1,0,0.1,1,-70,65,0,-70,65,74,81,9.526315789
1,1,COc1ccc(-c2c(O)cccc2O)c2ccccc12,COc1cc(C)c(SN2C(=O)c3ccccc3S2(=O)=O)c(C)c1,CCC(C)N(C(C)CC)P1(=[Se])Oc2c(OC)cc3ccccc3c2-c2c(c(OC)cc3ccccc23)O1,COc1ccc(-c2c(O)ccc([*])c2O)c2ccccc12,COc1cc(C)c(Sc2ccc(O)c(-c3ccc(OC)c4ccccc34)c2O)c(C)c1,1.5,1,0,0.1,1,-70,65,0,-70,65,83,82,10.11111111
1,1,Oc1cccc(O)c1-c1ccc(F)c2ccccc12,COc1cc(C)c(SN2C(=O)c3ccccc3S2(=O)=O)c(C)c1,CC(C)N(C(C)C)P1(=[Se])Oc2c(OCc3ccccc3)cc3ccccc3c2-c2c(c(OCc3ccccc3)cc3ccccc23)O1,Oc1ccc([*])c(O)c1-c1ccc(F)c2ccccc12,COc1cc(C)c(Sc2ccc(O)c(-c3ccc(F)c4ccccc34)c2O)c(C)c1,1.5,1,0,0.1,1,-70,24,5,-61.37931034,29,62,93,27.57142857
1,1,Oc1cccc(O)c1-c1ccc(F)c2ccccc12,COc1cc(C)c(SN2C(=O)c3ccccc3S2(=O)=O)c(C)c1,[2H]C([2H])([2H])Oc1cc2ccccc2c2c1OP(=[Se])(N(C(C)C)C(C)C)Oc1c(OC([2H])([2H])[2H])cc3ccccc3c1-2,Oc1ccc([*])c(O)c1-c1ccc(F)c2ccccc12,COc1cc(C)c(Sc2ccc(O)c(-c3ccc(F)c4ccccc34)c2O)c(C)c1,1.5,1,0,0.1,1,-70,24,5,-61.37931034,29,62,88,15.66666667
1,1,Oc1cccc(O)c1-c1ccc(F)c2ccccc12,COc1cc(C)c(SN2C(=O)c3ccccc3S2(=O)=O)c(C)c1,COc1cc2ccccc2c2c1OP(=[Se])(N(C(C)C)C(C)C)Oc1c(OC)cc3ccccc3c1-2,Oc1ccc([*])c(O)c1-c1ccc(F)c2ccccc12,COc1cc(C)c(Sc2ccc(O)c(-c3ccc(F)c4ccccc34)c2O)c(C)c1,1.5,1,0,0.1,1,-70,24,5,-61.37931034,29,69,93,27.57142857
1,1,Oc1cccc(O)c1-c1ccc(F)c2ccccc12,COc1cc(C)c(SN2C(=O)c3ccccc3S2(=O)=O)c(C)c1,CCOc1cc2ccccc2c2c1OP(=[Se])(N(C(C)C)C(C)C)Oc1c(OCC)cc3ccccc3c1-2,Oc1ccc([*])c(O)c1-c1ccc(F)c2ccccc12,COc1cc(C)c(Sc2ccc(O)c(-c3ccc(F)c4ccccc34)c2O)c(C)c1,1.5,1,0,0.1,1,-70,24,5,-61.37931034,29,57,83,10.76470588
1,1,Oc1cccc(O)c1-c1ccc(F)c2ccccc12,COc1cc(C)c(SN2C(=O)c3ccccc3S2(=O)=O)c(C)c1,CCC(C)N(C(C)CC)P1(=[Se])Oc2c(OC)cc3ccccc3c2-c2c(c(OC)cc3ccccc23)O1,Oc1ccc([*])c(O)c1-c1ccc(F)c2ccccc12,COc1cc(C)c(Sc2ccc(O)c(-c3ccc(F)c4ccccc34)c2O)c(C)c1,1.5,1,0,0.1,1,-70,24,5,-61.37931034,29,62,87,14.38461538
1,1,Cc1ccc(-c2c(O)cccc2O)c2ccccc12,COc1cc(C)c(SN2C(=O)c3ccccc3S2(=O)=O)c(C)c1,CC(C)N(C(C)C)P1(=[Se])Oc2c(OCc3ccccc3)cc3ccccc3c2-c2c(c(OCc3ccccc3)cc3ccccc23)O1,Cc1ccc(-c2c(O)ccc([*])c2O)c2ccccc12,COc1cc(C)c(Sc2ccc(O)c(-c3ccc(C)c4ccccc34)c2O)c(C)c1,1.5,1,0,0.1,1,-70,24,5,-61.37931034,29,48,93,27.57142857
1,1,Cc1ccc(-c2c(O)cccc2O)c2ccccc12,COc1cc(C)c(SN2C(=O)c3ccccc3S2(=O)=O)c(C)c1,COc1cc2ccccc2c2c1OP(=[Se])(N(C(C)C)C(C)C)Oc1c(OC)cc3ccccc3c1-2,Cc1ccc(-c2c(O)ccc([*])c2O)c2ccccc12,COc1cc(C)c(Sc2ccc(O)c(-c3ccc(C)c4ccccc34)c2O)c(C)c1,1.5,1,0,0.1,1,-70,24,5,-61.37931034,29,53,90,19
1,1,Oc1cccc(O)c1-c1cc2ccccc2c2ccccc12,COc1cc(C)c(SN2C(=O)c3ccccc3S2(=O)=O)c(C)c1,CC(C)N(C(C)C)P1(=[Se])Oc2c(OCc3ccccc3)cc3ccccc3c2-c2c(c(OCc3ccccc3)cc3ccccc23)O1,Oc1ccc([*])c(O)c1-c1cc2ccccc2c2ccccc12,COc1cc(C)c(Sc2ccc(O)c(-c3cc4ccccc4c4ccccc34)c2O)c(C)c1,1.5,1,0,0.1,1,-70,24,5,-61.37931034,29,49,92,24
1,1,Oc1cccc(O)c1-c1cc2ccccc2c2ccccc12,COc1cc(C)c(SN2C(=O)c3ccccc3S2(=O)=O)c(C)c1,CCOc1cc2ccccc2c2c1OP(=[Se])(N(C(C)C)C(C)C)Oc1c(OCC)cc3ccccc3c1-2,Oc1ccc([*])c(O)c1-c1cc2ccccc2c2ccccc12,COc1cc(C)c(Sc2ccc(O)c(-c3cc4ccccc4c4ccccc34)c2O)c(C)c1,1.5,1,0,0.1,1,-70,24,5,-61.37931034,29,53,72,6.142857143
1,1,Oc1cccc(O)c1-c1cc2ccccc2c2ccccc12,COc1cc(C)c(SN2C(=O)c3ccccc3S2(=O)=O)c(C)c1,COc1cc2ccccc2c2c1OP(=[Se])(N(C(C)C)C(C)C)Oc1c(OC)cc3ccccc3c1-2,Oc1ccc([*])c(O)c1-c1cc2ccccc2c2ccccc12,COc1cc(C)c(Sc2ccc(O)c(-c3cc4ccccc4c4ccccc34)c2O)c(C)c1,1.5,1,0,0.1,1,-70,24,5,-61.37931034,29,53,92,24
1,1,Oc1cccc(O)c1-c1ccccc1Cl,COc1cc(C)c(SN2C(=O)c3ccccc3S2(=O)=O)c(C)c1,CC(C)N(C(C)C)P1(=[Se])N(C)c2ccc3ccccc3c2-c2c(ccc3ccccc23)N1C,Oc1ccc([*])c(O)c1-c1ccccc1Cl,COc1cc(C)c(Sc2ccc(O)c(-c3ccccc3Cl)c2O)c(C)c1,1.5,3,0,0.1,0,-60,24,5,-53.10344828,29,64,8,1.173913043
1,1,Oc1cccc(O)c1-c1ccccc1Cl,COc1cc(C)c(SN2C(=O)c3ccccc3S2(=O)=O)c(C)c1,CC(C)N(C(C)C)P1(=[Se])Oc2ccc3ccccc3c2-c2c(ccc3ccccc23)O1,Oc1ccc([*])c(O)c1-c1ccccc1Cl,COc1cc(C)c(Sc2ccc(O)c(-c3ccccc3Cl)c2O)c(C)c1,1.5,1,0,0.1,0,-60,24,5,-53.10344828,29,84,63,4.405405405
1,1,Oc1cccc(O)c1-c1ccccc1Cl,COc1cc(C)c(SN2C(=O)c3ccccc3S2(=O)=O)c(C)c1,CC(C)N(C(C)C)P1(=[Se])Oc2c(OCc3ccccc3)cc3ccccc3c2-c2c(c(OCc3ccccc3)cc3ccccc23)O1,Oc1ccc([*])c(O)c1-c1ccccc1Cl,COc1cc(C)c(Sc2ccc(O)c(-c3ccccc3Cl)c2O)c(C)c1,1.5,1,0,0.1,0,-60,24,5,-53.10344828,29,91,80,9
1,1,Oc1cccc(O)c1-c1ccccc1Cl,COc1cc(C)c(SN2C(=O)c3ccccc3S2(=O)=O)c(C)c1,COc1cc2ccccc2c2c1OP(=[Se])(N(CC(C)C)CC(C)C)Oc1c(OC)cc3ccccc3c1-2,Oc1ccc([*])c(O)c1-c1ccccc1Cl,COc1cc(C)c(Sc2ccc(O)c(-c3ccccc3Cl)c2O)c(C)c1,1.5,1,0,0.1,0,-60,24,5,-53.10344828,29,85,22,1.564102564
1,1,Oc1cccc(O)c1-c1ccccc1Cl,COc1cc(C)c(SN2C(=O)c3ccccc3S2(=O)=O)c(C)c1,CC(C)N(C(C)C)P1(=[Se])Oc2c(F)cc3ccccc3c2-c2c(c(F)cc3ccccc23)O1,Oc1ccc([*])c(O)c1-c1ccccc1Cl,COc1cc(C)c(Sc2ccc(O)c(-c3ccccc3Cl)c2O)c(C)c1,1.5,1,0,0.1,0,-60,24,5,-53.10344828,29,83,22,1.564102564
1,1,Oc1cccc(O)c1-c1ccccc1Cl,COc1cc(C)c(SN2C(=O)c3ccccc3S2(=O)=O)c(C)c1,[2H]C([2H])([2H])Oc1cc2ccccc2c2c1OP(=[Se])(N(C(C)C)C(C)C)Oc1c(OC([2H])([2H])[2H])cc3ccccc3c1-2,Oc1ccc([*])c(O)c1-c1ccccc1Cl,COc1cc(C)c(Sc2ccc(O)c(-c3ccccc3Cl)c2O)c(C)c1,1.5,1,0,0.1,0,-60,24,5,-53.10344828,29,76,80,9
1,1,Oc1cccc(O)c1-c1ccccc1Cl,COc1cc(C)c(SN2C(=O)c3ccccc3S2(=O)=O)c(C)c1,COc1cc2ccccc2c2c1OP(=[Se])(N1CCCCCC1)Oc1c(OC)cc3ccccc3c1-2,Oc1ccc([*])c(O)c1-c1ccccc1Cl,COc1cc(C)c(Sc2ccc(O)c(-c3ccccc3Cl)c2O)c(C)c1,1.5,1,0,0.1,0,-60,24,5,-53.10344828,29,83,42,2.448275862
1,1,Oc1cccc(O)c1-c1ccccc1Cl,COc1cc(C)c(SN2C(=O)c3ccccc3S2(=O)=O)c(C)c1,CCC(C)N(C(C)CC)P1(=[Se])Oc2c(OC)cc3ccccc3c2-c2c(c(OC)cc3ccccc23)O1,Oc1ccc([*])c(O)c1-c1ccccc1Cl,COc1cc(C)c(Sc2ccc(O)c(-c3ccccc3Cl)c2O)c(C)c1,1.5,1,0,0.1,0,-60,24,5,-53.10344828,29,78,82,10.11111111
1,1,Oc1cccc(O)c1-c1ccccc1Cl,COc1cc(C)c(SN2C(=O)c3ccccc3S2(=O)=O)c(C)c1,COc1cc2ccccc2c2c1OP(=[Se])(N(C(C)C)C(C)C)Oc1c(OC)cc3ccccc3c1-2,Oc1ccc([*])c(O)c1-c1ccccc1Cl,COc1cc(C)c(Sc2ccc(O)c(-c3ccccc3Cl)c2O)c(C)c1,1.5,1,0,0.1,0,-60,24,5,-53.10344828,29,83,92,24
1,1,Oc1cccc(O)c1-c1ccccc1Cl,COc1cc(C)c(SN2C(=O)c3ccccc3S2(=O)=O)c(C)c1,CC(C)N(C(C)C)P1(=[Se])Oc2c(-c3ccccc3)cc3ccccc3c2-c2c(c(-c3ccccc3)cc3ccccc23)O1,Oc1ccc([*])c(O)c1-c1ccccc1Cl,COc1cc(C)c(Sc2ccc(O)c(-c3ccccc3Cl)c2O)c(C)c1,1.5,1,0,0.1,0,-60,24,5,-53.10344828,29,91,39,2.278688525
2,2,C=C/C=C/c1ccccc1,CC(C)c1cccc(C(C)C)c1SN1C(=O)c2ccccc2S1(=O)=O,CN1c2ccc3ccccc3c2-c2c(ccc3ccccc23)N(C)P1(=S)N1CCCCCC1,CO[C@@H](/C=C/c1ccccc1)C[*],CO[C@@H](/C=C/c1ccccc1)CSc1c(C(C)C)cccc1C(C)C,1.2,2,1.5,0.1,0,-60,48,0,-60,48,69,73,6.407407407
2,2,C=C/C=C/c1ccccc1,CC(C)c1cccc(C(C)C)c1SN1C(=O)c2ccccc2S1(=O)=O,CCC(C)N(C(C)CC)P1(=S)N(C)c2ccc3ccccc3c2-c2c(ccc3ccccc23)N1C,CO[C@@H](/C=C/c1ccccc1)C[*],CO[C@@H](/C=C/c1ccccc1)CSc1c(C(C)C)cccc1C(C)C,1.2,2,1.5,0.1,0,-60,48,0,-60,48,84,71,5.896551724
2,2,C=C/C=C/c1ccccc1,CC(C)c1cccc(C(C)C)c1SN1C(=O)c2ccccc2S1(=O)=O,CC(C)CN(CC(C)C)P1(=S)N(C)c2ccc3ccccc3c2-c2c(ccc3ccccc23)N1C,CO[C@@H](/C=C/c1ccccc1)C[*],CO[C@@H](/C=C/c1ccccc1)CSc1c(C(C)C)cccc1C(C)C,1.2,2,1.5,0.1,0,-60,48,0,-60,48,81,72,6.142857143
2,2,C=C/C=C/c1ccccc1,CC(C)c1cccc(C(C)C)c1SN1C(=O)c2ccccc2S1(=O)=O,CCN(CC)P1(=S)N(C)c2ccc3ccccc3c2-c2c(ccc3ccccc23)N1C,CO[C@@H](/C=C/c1ccccc1)C[*],CO[C@@H](/C=C/c1ccccc1)CSc1c(C(C)C)cccc1C(C)C,1.2,2,5,0.1,0,-70,48,0,-70,48,41,77,7.695652174
2,2,C=C/C=C/c1ccccc1,CC(C)c1cccc(C(C)C)c1SN1C(=O)c2ccccc2S1(=O)=O,CN1c2ccc3ccccc3c2-c2c(ccc3ccccc23)N(C)P1(=S)N(Cc1ccccc1)Cc1ccccc1,CO[C@@H](/C=C/c1ccccc1)C[*],CO[C@@H](/C=C/c1ccccc1)CSc1c(C(C)C)cccc1C(C)C,1.2,2,5,0.1,0,-70,48,0,-70,48,31,77,7.695652174
2,2,C=C/C=C/c1ccccc1,CC(C)c1cccc(C(C)C)c1SN1C(=O)c2ccccc2S1(=O)=O,CN1c2ccc3ccccc3c2-c2c(ccc3ccccc23)N(C)P1(=S)N(C1CCCCC1)C1CCCCC1,CO[C@@H](/C=C/c1ccccc1)C[*],CO[C@@H](/C=C/c1ccccc1)CSc1c(C(C)C)cccc1C(C)C,1.2,2,5,0.1,0,-70,48,0,-70,48,31,67,5.060606061
2,2,C=C/C=C/c1ccccc1,CC(C)c1cccc(C(C)C)c1SN1C(=O)c2ccccc2S1(=O)=O,CN(C)P1(=S)N(c2ccccc2)c2ccc3ccccc3c2-c2c(ccc3ccccc23)N1c1ccccc1,CO[C@@H](/C=C/c1ccccc1)C[*],CO[C@@H](/C=C/c1ccccc1)CSc1c(C(C)C)cccc1C(C)C,1.2,2,5,0.1,0,-70,48,0,-70,48,48,74,6.692307692
2,2,C/C(=C\CCOCc1ccccc1)c1ccccc1,O=C1c2ccccc2S(=O)(=O)N1Sc1ccccc1,CC(C)N(C(C)C)P1(=[Se])N(C)c2ccc3ccccc3c2-c2c(ccc3ccccc23)N1C,CO[C@](C)(c1ccccc1)[C@@H]([*])CCOCc1ccccc1,CO[C@](C)(c1ccccc1)[C@@H](CCOCc1ccccc1)Sc1ccccc1,1.2,3,3,0.1,0,0,40,0,0,40,65,38,2.225806452
2,2,C/C(=C\CCOCc1ccccc1)c1ccccc1,O=C1c2ccccc2S(=O)(=O)N1Sc1ccccc1,CC(C)N(C(C)C)P1(=S)N(C)c2ccc3ccccc3c2-c2c(ccc3ccccc23)N1C,CO[C@](C)(c1ccccc1)[C@@H]([*])CCOCc1ccccc1,CO[C@](C)(c1ccccc1)[C@@H](CCOCc1ccccc1)Sc1ccccc1,1.2,2,3,0.1,0,0,40,0,0,40,48,43,2.50877193
2,2,C/C(=C\CCOCc1ccccc1)c1ccccc1,O=C1c2ccccc2S(=O)(=O)N1Sc1ccccc1,CCC(C)N(C(C)CC)P1(=[Se])N(C)c2ccc3ccccc3c2-c2c(ccc3ccccc23)N1C,CO[C@](C)(c1ccccc1)[C@@H]([*])CCOCc1ccccc1,CO[C@](C)(c1ccccc1)[C@@H](CCOCc1ccccc1)Sc1ccccc1,1.2,3,3,0.1,0,0,40,0,0,40,74,36,2.125
2,2,O=C(C/C=C/c1ccccc1)OCc1ccccc1,Cc1ccccc1SN1C(=O)c2ccccc2S1(=O)=O,CC(C)N(C(C)C)P1(=S)N(C)c2ccc3ccccc3c2-c2c(ccc3ccccc23)N1C,COc1ccc(O[C@@H](c2ccccc2)[C@@H]([*])CC(=O)OCc2ccccc2)cc1,COc1ccc(O[C@@H](c2ccccc2)[C@@H](CC(=O)OCc2ccccc2)Sc2ccccc2C)cc1,1.2,2,2,0.1,0,0,40,0,0,40,72,94,32.33333333
2,2,O=C(C/C=C/c1ccccc1)OCc1ccccc1,Cc1ccccc1SN1C(=O)c2ccccc2S1(=O)=O,CC(C)N(C(C)C)P1(=[Se])N(C)c2ccc3ccccc3c2-c2c(ccc3ccccc23)N1C,COc1ccc(O[C@@H](c2ccccc2)[C@@H]([*])CC(=O)OCc2ccccc2)cc1,COc1ccc(O[C@@H](c2ccccc2)[C@@H](CC(=O)OCc2ccccc2)Sc2ccccc2C)cc1,1.2,3,2,0.1,0,0,40,0,0,40,64,88,15.66666667
2,2,O=C(C/C=C/c1ccccc1)OCc1ccccc1,Cc1ccccc1SN1C(=O)c2ccccc2S1(=O)=O,CC(C)N(C(C)C)P1(=S)N(C)c2cccc3c2C2(CC3)CCc3cccc(c32)N1C,COc1ccc(O[C@@H](c2ccccc2)[C@@H]([*])CC(=O)OCc2ccccc2)cc1,COc1ccc(O[C@@H](c2ccccc2)[C@@H](CC(=O)OCc2ccccc2)Sc2ccccc2C)cc1,1.2,6,2,0.1,0,0,40,0,0,40,11,6,1.127659574
2,2,C=C/C(C)=C/c1ccccc1,COc1cc(C(C)C)c(SN2C(=O)c3ccccc3S2(=O)=O)c(C(C)C)c1,CC(C)N(C(C)C)P1(=S)N(C)c2ccc3ccccc3c2-c2c(ccc3ccccc23)N1C,CO[C@@H](C[*])/C(C)=C/c1ccccc1,COc1cc(C(C)C)c(SC[C@H](OC)/C(C)=C/c2ccccc2)c(C(C)C)c1,1.2,2,2,0.1,0,-60,72,0,-60,72,86,95,39
2,2,C=C/C(C)=C/c1ccccc1,COc1cc(C(C)C)c(SN2C(=O)c3ccccc3S2(=O)=O)c(C(C)C)c1,CC(C)N(C(C)C)P1(=[Se])N(C)c2ccc3ccccc3c2-c2c(ccc3ccccc23)N1C,CO[C@@H](C[*])/C(C)=C/c1ccccc1,COc1cc(C(C)C)c(SC[C@H](OC)/C(C)=C/c2ccccc2)c(C(C)C)c1,1.2,3,2,0.1,0,-60,72,0,-60,72,27,76,7.333333333
2,2,C=C/C(C)=C/c1ccccc1,COc1cc(C(C)C)c(SN2C(=O)c3ccccc3S2(=O)=O)c(C(C)C)c1,CC(C)N(C(C)C)P1(=S)N(C)c2ccc3c(c2-c2c(ccc4c2CCCC4)N1C)CCCC3,CO[C@@H](C[*])/C(C)=C/c1ccccc1,COc1cc(C(C)C)c(SC[C@H](OC)/C(C)=C/c2ccccc2)c(C(C)C)c1,1.2,10,2,0.1,0,-60,72,0,-60,72,39,91,21.22222222
2,2,O=C(O)CC/C=C/c1ccccc1,O=C1c2ccccc2S(=O)(=O)N1Sc1ccccc1,CC(C)N(C(C)C)P1(=[Se])N(C)c2ccc3ccccc3c2-c2c(ccc3ccccc23)N1C,O=C1CC[C@@H]([*])[C@H](c2ccccc2)O1,O=C1CC[C@H](Sc2ccccc2)[C@H](c2ccccc2)O1,1.2,3,0,0.1,0,-10,72,0,-10,72,92,92,24
2,2,O=C(O)CC/C=C/c1ccccc1,O=C1c2ccccc2S(=O)(=O)N1Sc1ccccc1,CN1c2ccc3ccccc3c2-c2c(ccc3ccccc23)N(C)P1(=[Se])N1CCCCCC1,O=C1CC[C@@H]([*])[C@H](c2ccccc2)O1,O=C1CC[C@H](Sc2ccccc2)[C@H](c2ccccc2)O1,1.2,3,0,0.1,0,-10,72,0,-10,72,11,68,5.25
2,2,O=C(O)CC/C=C/c1ccccc1,O=C1c2ccccc2S(=O)(=O)N1Sc1ccccc1,CC(C)CN(CC(C)C)P1(=[Se])N(C)c2ccc3ccccc3c2-c2c(ccc3ccccc23)N1C,O=C1CC[C@@H]([*])[C@H](c2ccccc2)O1,O=C1CC[C@H](Sc2ccccc2)[C@H](c2ccccc2)O1,1.2,3,0,0.1,0,-10,72,0,-10,72,92,92,24
2,2,C=C(c1ccccc1)C1(O)CCC1,O=C1c2ccccc2S(=O)(=O)N1Sc1ccccc1,CC(C)N(C(C)C)P1(=[Se])N(C)c2ccc3ccccc3c2-c2c(ccc3ccccc23)N1C,O=C1CCC[C@]1(C[*])c1ccccc1,O=C1CCC[C@]1(CSc1ccccc1)c1ccccc1,1.2,3,0,0.1,0,-5,24,0,-5,24,70,85,12.33333333
2,2,C=C(c1ccccc1)C1(O)CCC1,O=C1c2ccccc2S(=O)(=O)N1Sc1ccccc1,CN1c2ccc3ccccc3c2-c2c(ccc3ccccc23)N(C)P1(=[Se])N1CCCCCC1,O=C1CCC[C@]1(C[*])c1ccccc1,O=C1CCC[C@]1(CSc1ccccc1)c1ccccc1,1.2,3,0,0.1,0,-5,24,0,-5,24,65,57,3.651162791
2,2,C=C(c1ccccc1)C1(O)CCC1,O=C1c2ccccc2S(=O)(=O)N1Sc1ccccc1,CC(C)CN(CC(C)C)P1(=[Se])N(C)c2ccc3ccccc3c2-c2c(ccc3ccccc23)N1C,O=C1CCC[C@]1(C[*])c1ccccc1,O=C1CCC[C@]1(CSc1ccccc1)c1ccccc1,1.2,3,0,0.1,0,-5,24,0,-5,24,64,85,12.33333333
4,1,CCCOc1c2cccc1Cc1cccc(c1OCCC)Cc1cc(Nc3ccc(F)cc3)cc(c1OCCC)Cc1cccc(c1OCCC)C2,O=C1c2ccccc2S(=O)(=O)N1Sc1ccccc1,CC(C)N(C(C)C)P1(=S)N(C)c2ccc3ccccc3c2-c2c(ccc3ccccc23)N1C,CCCOc1c2cccc1Cc1cccc(c1OCCC)Cc1c([*])c(Nc3ccc(F)cc3)cc(c1OCCC)Cc1cccc(c1OCCC)C2,CCCOc1c2cccc1Cc1cccc(c1OCCC)Cc1c(OCCC)c(cc(Nc3ccc(F)cc3)c1Sc1ccccc1)Cc1cccc(c1OCCC)C2,1.2,2,2,0.1,0,-10,22,0,-10,22,89,77,7.695652174
4,1,CCCOc1c2cccc1Cc1cccc(c1OCCC)Cc1cc(Nc3ccc(F)cc3)cc(c1OCCC)Cc1cccc(c1OCCC)C2,O=C1c2ccccc2S(=O)(=O)N1Sc1ccccc1,CC(C)N(C(C)C)P1(=S)N(C)c2ccc3c(c2-c2c(ccc4c2CCCC4)N1C)CCCC3,CCCOc1c2cccc1Cc1cccc(c1OCCC)Cc1c([*])c(Nc3ccc(F)cc3)cc(c1OCCC)Cc1cccc(c1OCCC)C2,CCCOc1c2cccc1Cc1cccc(c1OCCC)Cc1c(OCCC)c(cc(Nc3ccc(F)cc3)c1Sc1ccccc1)Cc1cccc(c1OCCC)C2,1.2,10,2,0.1,0,-10,22,0,-10,22,75,84,11.5
4,1,CCCOc1c2cccc1Cc1cccc(c1OCCC)Cc1cc(Nc3ccc(F)cc3)cc(c1OCCC)Cc1cccc(c1OCCC)C2,O=C1c2ccccc2S(=O)(=O)N1Sc1ccccc1,CC(C)N(C(C)C)P1(=S)Oc2ccc3ccccc3c2-c2c(ccc3ccccc23)O1,CCCOc1c2cccc1Cc1cccc(c1OCCC)Cc1c([*])c(Nc3ccc(F)cc3)cc(c1OCCC)Cc1cccc(c1OCCC)C2,CCCOc1c2cccc1Cc1cccc(c1OCCC)Cc1c(OCCC)c(cc(Nc3ccc(F)cc3)c1Sc1ccccc1)Cc1cccc(c1OCCC)C2,1.2,0,2,0.1,0,-10,22,0,-10,22,44,22,1.564102564
4,1,CCCOc1c2cccc1Cc1cccc(c1OCCC)Cc1cc(Nc3ccc(F)cc3)cc(c1OCCC)Cc1cccc(c1OCCC)C2,O=C1c2ccccc2S(=O)(=O)N1Sc1ccccc1,CC(C)N(C(C)C)P1(=[Se])N(C)c2ccc3ccccc3c2-c2c(ccc3ccccc23)N1C,CCCOc1c2cccc1Cc1cccc(c1OCCC)Cc1c([*])c(Nc3ccc(F)cc3)cc(c1OCCC)Cc1cccc(c1OCCC)C2,CCCOc1c2cccc1Cc1cccc(c1OCCC)Cc1c(OCCC)c(cc(Nc3ccc(F)cc3)c1Sc1ccccc1)Cc1cccc(c1OCCC)C2,1.2,3,2,0.1,0,-10,22,0,-10,22,74,64,4.555555556
4,1,CCCOc1c2cccc1Cc1cccc(c1OCCC)Cc1cc(Nc3ccc(F)cc3)cc(c1OCCC)Cc1cccc(c1OCCC)C2,O=C1c2ccccc2S(=O)(=O)N1Sc1ccccc1,CN1c2ccc3ccccc3c2-c2c(ccc3ccccc23)N(C)P1(=S)N1CCCc2ccccc21,CCCOc1c2cccc1Cc1cccc(c1OCCC)Cc1c([*])c(Nc3ccc(F)cc3)cc(c1OCCC)Cc1cccc(c1OCCC)C2,CCCOc1c2cccc1Cc1cccc(c1OCCC)Cc1c(OCCC)c(cc(Nc3ccc(F)cc3)c1Sc1ccccc1)Cc1cccc(c1OCCC)C2,1.2,2,2,0.1,0,-10,22,0,-10,22,84,56,3.545454545
4,1,CCCOc1c2cccc1Cc1cccc(c1OCCC)Cc1cc(Nc3ccc(F)cc3)cc(c1OCCC)Cc1cccc(c1OCCC)C2,O=C1c2ccccc2S(=O)(=O)N1Sc1ccccc1,CN1c2ccc3ccccc3c2-c2c(ccc3ccccc23)N(C)P1(=S)N1c2ccccc2C=Cc2ccccc21,CCCOc1c2cccc1Cc1cccc(c1OCCC)Cc1c([*])c(Nc3ccc(F)cc3)cc(c1OCCC)Cc1cccc(c1OCCC)C2,CCCOc1c2cccc1Cc1cccc(c1OCCC)Cc1c(OCCC)c(cc(Nc3ccc(F)cc3)c1Sc1ccccc1)Cc1cccc(c1OCCC)C2,1.2,2,2,0.1,0,-10,22,0,-10,22,69,84,11.5
4,1,CCCOc1c2cccc1Cc1cccc(c1OCCC)Cc1cc(Nc3ccc(F)cc3)cc(c1OCCC)Cc1cccc(c1OCCC)C2,O=C1c2ccccc2S(=O)(=O)N1Sc1ccccc1,CN1c2ccc3ccccc3c2-c2c(ccc3ccccc23)N(C)P1(=S)N1c2ccccc2CCc2ccccc21,CCCOc1c2cccc1Cc1cccc(c1OCCC)Cc1c([*])c(Nc3ccc(F)cc3)cc(c1OCCC)Cc1cccc(c1OCCC)C2,CCCOc1c2cccc1Cc1cccc(c1OCCC)Cc1c(OCCC)c(cc(Nc3ccc(F)cc3)c1Sc1ccccc1)Cc1cccc(c1OCCC)C2,1.2,2,2,0.1,0,-10,22,0,-10,22,95,85,12.33333333
4,1,CCCOc1c2cccc1Cc1cccc(c1OCCC)Cc1cc(Nc3ccc(F)cc3)cc(c1OCCC)Cc1cccc(c1OCCC)C2,O=C1c2ccccc2S(=O)(=O)N1Sc1ccccc1,CC(C)N([C@H]1CCc2ccccc21)P1(=S)N(C)c2ccc3ccccc3c2-c2c(ccc3ccccc23)N1C,CCCOc1c2cccc1Cc1cccc(c1OCCC)Cc1c([*])c(Nc3ccc(F)cc3)cc(c1OCCC)Cc1cccc(c1OCCC)C2,CCCOc1c2cccc1Cc1cccc(c1OCCC)Cc1c(OCCC)c(cc(Nc3ccc(F)cc3)c1Sc1ccccc1)Cc1cccc(c1OCCC)C2,1.2,2,2,0.1,0,-10,22,0,-10,22,92,86,13.28571429
4,1,CCCOc1c2cccc1Cc1cccc(c1OCCC)Cc1cc(Nc3ccc(F)cc3)cc(c1OCCC)Cc1cccc(c1OCCC)C2,O=C1c2ccccc2S(=O)(=O)N1Sc1ccccc1,CC(C)N([C@H]1CCCc2ccccc21)P1(=S)N(C)c2ccc3ccccc3c2-c2c(ccc3ccccc23)N1C,CCCOc1c2cccc1Cc1cccc(c1OCCC)Cc1c([*])c(Nc3ccc(F)cc3)cc(c1OCCC)Cc1cccc(c1OCCC)C2,CCCOc1c2cccc1Cc1cccc(c1OCCC)Cc1c(OCCC)c(cc(Nc3ccc(F)cc3)c1Sc1ccccc1)Cc1cccc(c1OCCC)C2,1.2,2,2,0.1,0,-10,22,0,-10,22,93,93,27.57142857
4,1,CCCOc1c2cccc1Cc1cccc(c1OCCC)Cc1cc(Nc3ccc(F)cc3)cc(c1OCCC)Cc1cccc(c1OCCC)C2,O=C1c2ccccc2S(=O)(=O)N1Sc1ccccc1,CN1c2ccc3ccccc3c2-c2c(ccc3ccccc23)N(C)P1(=S)N(C1CCCCC1)[C@H]1CCCc2ccccc21,CCCOc1c2cccc1Cc1cccc(c1OCCC)Cc1c([*])c(Nc3ccc(F)cc3)cc(c1OCCC)Cc1cccc(c1OCCC)C2,CCCOc1c2cccc1Cc1cccc(c1OCCC)Cc1c(OCCC)c(cc(Nc3ccc(F)cc3)c1Sc1ccccc1)Cc1cccc(c1OCCC)C2,1.2,2,2,0.1,0,-10,22,0,-10,22,64,89,17.18181818
4,1,CCCOc1c2cccc1Cc1cccc(c1OCCC)Cc1cc(Nc3ccc(F)cc3)cc(c1OCCC)Cc1cccc(c1OCCC)C2,O=C1c2ccccc2S(=O)(=O)N1Sc1ccccc1,CC(C)N(C1CCCCC1)P1(=S)N(C)c2ccc3ccccc3c2-c2c(ccc3ccccc23)N1C,CCCOc1c2cccc1Cc1cccc(c1OCCC)Cc1c([*])c(Nc3ccc(F)cc3)cc(c1OCCC)Cc1cccc(c1OCCC)C2,CCCOc1c2cccc1Cc1cccc(c1OCCC)Cc1c(OCCC)c(cc(Nc3ccc(F)cc3)c1Sc1ccccc1)Cc1cccc(c1OCCC)C2,1.2,2,2,0.1,0,-10,22,0,-10,22,70,79,8.523809524
5,1,c1ccc(Nc2cccc(Nc3ccccc3)c2-c2cccc3ccccc23)cc1,O=C1c2ccccc2S(=O)(=O)N1Sc1ccccc1,CC(C)N(C(C)C)P1(=[Se])N(C)c2ccc3ccccc3c2-c2c(ccc3ccccc23)N1C,[*]c1ccc(Nc2ccccc2)c(-c2cccc3ccccc23)c1Nc1ccccc1,c1ccc(Nc2ccc(Sc3ccccc3)c(Nc3ccccc3)c2-c2cccc3ccccc23)cc1,1.2,3,0,0.1,1,-80,18,0,-80,18,86,55,3.444444444
5,1,c1ccc(Nc2cccc(Nc3ccccc3)c2-c2cccc3ccccc23)cc1,O=C1c2ccccc2S(=O)(=O)N1Sc1ccccc1,CC(C)N(C(C)C)P1(=[Se])Oc2cccc3c2C2(CC3)CCc3cccc(c32)O1,[*]c1ccc(Nc2ccccc2)c(-c2cccc3ccccc23)c1Nc1ccccc1,c1ccc(Nc2ccc(Sc3ccccc3)c(Nc3ccccc3)c2-c2cccc3ccccc23)cc1,1.2,4,0,0.1,1,-80,18,0,-80,18,94,70,5.666666667
5,1,c1ccc(Nc2cccc(Nc3ccccc3)c2-c2cccc3ccccc23)cc1,O=C1c2ccccc2S(=O)(=O)N1Sc1ccccc1,COc1cc2ccccc2c2c1OP(=[Se])(N(C(C)C)C(C)C)Oc1c(OC)cc3ccccc3c1-2,[*]c1ccc(Nc2ccccc2)c(-c2cccc3ccccc23)c1Nc1ccccc1,c1ccc(Nc2ccc(Sc3ccccc3)c(Nc3ccccc3)c2-c2cccc3ccccc23)cc1,1.2,1,0,0.1,1,-80,18,0,-80,18,75,75,7
5,1,c1ccc(Nc2cccc(Nc3ccccc3)c2-c2cccc3ccccc23)cc1,O=C1c2ccccc2S(=O)(=O)N1Sc1ccccc1,COc1ccc2c3c1OP(=[Se])(N(C(C)C)C(C)C)Oc1c(OC)ccc4c1C3(CC2)CC4,[*]c1ccc(Nc2ccccc2)c(-c2cccc3ccccc23)c1Nc1ccccc1,c1ccc(Nc2ccc(Sc3ccccc3)c(Nc3ccccc3)c2-c2cccc3ccccc23)cc1,1.2,5,0,0.1,1,-80,18,0,-80,18,76,76,7.333333333
5,1,c1ccc(Nc2cccc(Nc3ccccc3)c2-c2cccc3ccccc23)cc1,O=C1c2ccccc2S(=O)(=O)N1Sc1ccccc1,CC(C)N(C(C)C)P1(=[Se])Oc2c(-c3ccccc3)cc3ccccc3c2-c2c(c(-c3ccccc3)cc3ccccc23)O1,[*]c1ccc(Nc2ccccc2)c(-c2cccc3ccccc23)c1Nc1ccccc1,c1ccc(Nc2ccc(Sc3ccccc3)c(Nc3ccccc3)c2-c2cccc3ccccc23)cc1,1.2,1,0,0.1,1,-80,18,0,-80,18,86,86,13.28571429
5,1,c1ccc(Nc2cccc(Nc3ccccc3)c2-c2cccc3ccccc23)cc1,O=C1c2ccccc2S(=O)(=O)N1Sc1ccccc1,CC(C)N(C(C)C)P1(=[Se])Oc2c(-c3ccccc3)ccc3c2C2(CC3)CCc3ccc(-c4ccccc4)c(c32)O1,[*]c1ccc(Nc2ccccc2)c(-c2cccc3ccccc23)c1Nc1ccccc1,c1ccc(Nc2ccc(Sc3ccccc3)c(Nc3ccccc3)c2-c2cccc3ccccc23)cc1,1.2,5,0,0.1,1,-80,18,0,-80,18,91,91,21.22222222
5,1,c1ccc(Nc2cccc(Nc3ccccc3)c2-c2cccc3ccccc23)cc1,O=C1c2ccccc2S(=O)(=O)N1Sc1ccccc1,CC(C)N(C(C)C)P1(=[Se])Oc2c(-c3ccc(C(F)(F)F)cc3)ccc3c2C2(CC3)CCc3ccc(-c4ccc(C(F)(F)F)cc4)c(c32)O1,[*]c1ccc(Nc2ccccc2)c(-c2cccc3ccccc23)c1Nc1ccccc1,c1ccc(Nc2ccc(Sc3ccccc3)c(Nc3ccccc3)c2-c2cccc3ccccc23)cc1,1.2,5,0,0.1,1,-80,18,0,-80,18,89,89,17.18181818
5,1,c1ccc(Nc2cccc(Nc3ccccc3)c2-c2cccc3ccccc23)cc1,O=C1c2ccccc2S(=O)(=O)N1Sc1ccccc1,COc1ccc(-c2ccc3c4c2OP(=[Se])(N(C(C)C)C(C)C)Oc2c(-c5ccc(OC)cc5)ccc5c2C4(CC3)CC5)cc1,[*]c1ccc(Nc2ccccc2)c(-c2cccc3ccccc23)c1Nc1ccccc1,c1ccc(Nc2ccc(Sc3ccccc3)c(Nc3ccccc3)c2-c2cccc3ccccc23)cc1,1.2,5,0,0.1,1,-80,18,0,-80,18,93,93,27.57142857
6,1,COc1cc2ccc1OCCCCCCCCCCO2,O=C1c2ccccc2S(=O)(=O)N1Sc1ccccc1,CC(C)N(C(C)(C)C)P1(=S)N(C)c2ccc3ccccc3c2-c2c(ccc3ccccc23)N1C,COc1cc2c([*])cc1OCCCCCCCCCCO2,COc1cc2c(Sc3ccccc3)cc1OCCCCCCCCCCO2,1.1,2,0,0.3,0,0,48,0,0,48,54,61,4.128205128
6,1,COc1cc2ccc1OCCCCCCCCCCO2,Cc1ccccc1SN1C(=O)c2ccccc2S1(=O)=O,CC(C)N(C(C)(C)C)P1(=S)N(C)c2ccc3ccccc3c2-c2c(ccc3ccccc23)N1C,COc1cc2c([*])cc1OCCCCCCCCCCO2,COc1cc2c(Sc3ccccc3C)cc1OCCCCCCCCCCO2,1.1,2,0,0.3,0,0,48,0,0,48,52,63,4.405405405
6,1,COc1cc2ccc1OCCCCCCCCCCO2,Cc1cccc(SN2C(=O)c3ccccc3S2(=O)=O)c1,CC(C)N(C(C)(C)C)P1(=S)N(C)c2ccc3ccccc3c2-c2c(ccc3ccccc23)N1C,COc1cc2c([*])cc1OCCCCCCCCCCO2,COc1cc2c(Sc3cccc(C)c3)cc1OCCCCCCCCCCO2,1.1,2,0,0.3,0,0,48,0,0,48,36,46,2.703703704
6,1,COc1cc2ccc1OCCCCCCCCCCO2,Cc1ccc(SN2C(=O)c3ccccc3S2(=O)=O)cc1,CC(C)N(C(C)(C)C)P1(=S)N(C)c2ccc3ccccc3c2-c2c(ccc3ccccc23)N1C,COc1cc2c([*])cc1OCCCCCCCCCCO2,COc1cc2c(Sc3ccc(C)cc3)cc1OCCCCCCCCCCO2,1.1,2,0,0.3,0,0,48,0,0,48,58,59,3.87804878
6,1,COc1cc2ccc1OCCCCCCCCCCO2,Cc1cccc(C)c1SN1C(=O)c2ccccc2S1(=O)=O,CC(C)N(C(C)(C)C)P1(=S)N(C)c2ccc3ccccc3c2-c2c(ccc3ccccc23)N1C,COc1cc2c([*])cc1OCCCCCCCCCCO2,COc1cc2c(Sc3c(C)cccc3C)cc1OCCCCCCCCCCO2,1.1,2,0,0.3,0,0,48,0,0,48,30,75,7
6,1,COc1cc2ccc1OCCCCCCCCCCO2,Cc1cc(C)cc(SN2C(=O)c3ccccc3S2(=O)=O)c1,CC(C)N(C(C)(C)C)P1(=S)N(C)c2ccc3ccccc3c2-c2c(ccc3ccccc23)N1C,COc1cc2c([*])cc1OCCCCCCCCCCO2,COc1cc2c(Sc3cc(C)cc(C)c3)cc1OCCCCCCCCCCO2,1.1,2,0,0.3,0,0,48,0,0,48,30,56,3.545454545
6,1,COc1cc2ccc1OCCCCCCCCCCO2,COc1cccc(C)c1SN1C(=O)c2ccccc2S1(=O)=O,CC(C)N(C(C)(C)C)P1(=S)N(C)c2ccc3ccccc3c2-c2c(ccc3ccccc23)N1C,COc1cc2c([*])cc1OCCCCCCCCCCO2,COc1cc2c(Sc3c(C)cccc3OC)cc1OCCCCCCCCCCO2,1.1,2,0,0.3,0,0,48,0,0,48,44,58,3.761904762
6,1,COc1cc2ccc1OCCCCCCCCCCO2,Cc1cc(C)c(SN2C(=O)c3ccccc3S2(=O)=O)c(C)c1,CC(C)N(C(C)(C)C)P1(=S)N(C)c2ccc3ccccc3c2-c2c(ccc3ccccc23)N1C,COc1cc2c([*])cc1OCCCCCCCCCCO2,COc1cc2c(Sc3c(C)cc(C)cc3C)cc1OCCCCCCCCCCO2,1.1,2,0,0.3,0,0,48,0,0,48,80,75,7
6,1,COc1cc2ccc1OCCCCCCCCCCO2,COc1cc(C)c(SN2C(=O)c3ccccc3S2(=O)=O)c(C)c1,CC(C)N(C(C)(C)C)P1(=S)N(C)c2ccc3ccccc3c2-c2c(ccc3ccccc23)N1C,COc1cc2c([*])cc1OCCCCCCCCCCO2,COc1cc(C)c(Sc2cc3c(OC)cc2OCCCCCCCCCCO3)c(C)c1,1.1,2,0,0.3,0,0,48,0,0,48,85,66,4.882352941
6,1,COc1cc2ccc1OCCCCCCCCCCO2,CC(C)c1ccccc1SN1C(=O)c2ccccc2S1(=O)=O,CC(C)N(C(C)(C)C)P1(=S)N(C)c2ccc3ccccc3c2-c2c(ccc3ccccc23)N1C,COc1cc2c([*])cc1OCCCCCCCCCCO2,COc1cc2c(Sc3ccccc3C(C)C)cc1OCCCCCCCCCCO2,1.1,2,0,0.3,0,0,48,0,0,48,39,87,14.38461538
6,1,COc1cc2ccc1OCCCCCCCCCCO2,COc1cc(C(C)C)c(SN2C(=O)c3ccccc3S2(=O)=O)c(C(C)C)c1,CC(C)N(C(C)(C)C)P1(=S)N(C)c2ccc3ccccc3c2-c2c(ccc3ccccc23)N1C,COc1cc2c([*])cc1OCCCCCCCCCCO2,COc1cc(C(C)C)c(Sc2cc3c(OC)cc2OCCCCCCCCCCO3)c(C(C)C)c1,1.1,2,0,0.3,0,0,48,0,0,48,30,91,21.22222222
6,1,COc1cc2ccc1OCCCCCCCCCCO2,O=C1c2ccccc2S(=O)(=O)N1Sc1cccc(F)c1,CC(C)N(C(C)(C)C)P1(=S)N(C)c2ccc3ccccc3c2-c2c(ccc3ccccc23)N1C,COc1cc2c([*])cc1OCCCCCCCCCCO2,COc1cc2c(Sc3cccc(F)c3)cc1OCCCCCCCCCCO2,1.1,2,0,0.3,0,0,48,0,0,48,45,76,7.333333333
6,1,COc1cc2ccc1OCCCCCCCCCCO2,O=C1c2ccccc2S(=O)(=O)N1Sc1ccc(F)cc1,CC(C)N(C(C)(C)C)P1(=S)N(C)c2ccc3ccccc3c2-c2c(ccc3ccccc23)N1C,COc1cc2c([*])cc1OCCCCCCCCCCO2,COc1cc2c(Sc3ccc(F)cc3)cc1OCCCCCCCCCCO2,1.1,2,0,0.3,0,0,48,0,0,48,66,70,5.666666667
6,1,COc1cc2ccc1OCCCCCCCCCCO2,O=C1c2ccccc2S(=O)(=O)N1Sc1ccccc1C(F)(F)F,CC(C)N(C(C)(C)C)P1(=S)N(C)c2ccc3ccccc3c2-c2c(ccc3ccccc23)N1C,COc1cc2c([*])cc1OCCCCCCCCCCO2,COc1cc2c(Sc3ccccc3C(F)(F)F)cc1OCCCCCCCCCCO2,1.1,2,0,0.3,0,0,48,0,0,48,59,91,21.22222222
6,1,COc1cc2ccc1OCCCCCCCCCCO2,O=C1c2ccccc2S(=O)(=O)N1Sc1ccc(C(F)(F)F)cc1,CC(C)N(C(C)(C)C)P1(=S)N(C)c2ccc3ccccc3c2-c2c(ccc3ccccc23)N1C,COc1cc2c([*])cc1OCCCCCCCCCCO2,COc1cc2c(Sc3ccc(C(F)(F)F)cc3)cc1OCCCCCCCCCCO2,1.1,2,0,0.3,0,0,48,0,0,48,16,58,3.761904762
6,1,COc1cc2ccc1OCCCCCCCCCCO2,O=C1c2ccccc2S(=O)(=O)N1Sc1cc(Cl)cc(Cl)c1,CC(C)N(C(C)(C)C)P1(=S)N(C)c2ccc3ccccc3c2-c2c(ccc3ccccc23)N1C,COc1cc2c([*])cc1OCCCCCCCCCCO2,COc1cc2c(Sc3cc(Cl)cc(Cl)c3)cc1OCCCCCCCCCCO2,1.1,2,0,0.3,0,0,48,0,0,48,62,63,4.405405405
6,1,COc1cc2ccc1OCCCCCCCCCCO2,COc1ccccc1SN1C(=O)c2ccccc2S1(=O)=O,CC(C)N(C(C)(C)C)P1(=S)N(C)c2ccc3ccccc3c2-c2c(ccc3ccccc23)N1C,COc1cc2c([*])cc1OCCCCCCCCCCO2,COc1cc2c(Sc3ccccc3OC)cc1OCCCCCCCCCCO2,1.1,2,0,0.3,0,0,48,0,0,48,23,66,4.882352941
6,1,COc1cc2ccc1OCCCCCCCCCCO2,COc1cccc(SN2C(=O)c3ccccc3S2(=O)=O)c1,CC(C)N(C(C)(C)C)P1(=S)N(C)c2ccc3ccccc3c2-c2c(ccc3ccccc23)N1C,COc1cc2c([*])cc1OCCCCCCCCCCO2,COc1cccc(Sc2cc3c(OC)cc2OCCCCCCCCCCO3)c1,1.1,2,0,0.3,0,0,48,0,0,48,28,46,2.703703704
6,1,COc1cc2ccc1OCCCCCCCCCCO2,O=C1c2ccccc2S(=O)(=O)N1Sc1ccc2ccccc2c1,CC(C)N(C(C)(C)C)P1(=S)N(C)c2ccc3ccccc3c2-c2c(ccc3ccccc23)N1C,COc1cc2c([*])cc1OCCCCCCCCCCO2,COc1cc2c(Sc3ccc4ccccc4c3)cc1OCCCCCCCCCCO2,1.1,2,0,0.3,0,0,48,0,0,48,49,47,2.773584906
6,1,COc1cc2ccc1OCCCCCCCCCCO2,COc1ccc(SN2C(=O)c3ccccc3S2(=O)=O)cc1,CC(C)N(C(C)(C)C)P1(=S)N(C)c2ccc3ccccc3c2-c2c(ccc3ccccc23)N1C,COc1cc2c([*])cc1OCCCCCCCCCCO2,COc1ccc(Sc2cc3c(OC)cc2OCCCCCCCCCCO3)cc1,1.1,2,0,0.3,0,0,48,0,0,48,63,53,3.255319149
6,1,COc1cc2ccc1OCCCCCCCCCCO2,O=C1c2ccccc2S(=O)(=O)N1Sc1ccccc1F,CC(C)N(C(C)(C)C)P1(=S)N(C)c2ccc3ccccc3c2-c2c(ccc3ccccc23)N1C,COc1cc2c([*])cc1OCCCCCCCCCCO2,COc1cc2c(Sc3ccccc3F)cc1OCCCCCCCCCCO2,1.1,2,0,0.3,0,0,48,0,0,48,56,74,6.692307692
6,1,COc1cc2ccc1OCCCCCCCCCCO2,O=C1c2ccccc2S(=O)(=O)N1Sc1cccc([N+](=O)[O-])c1,CC(C)N(C(C)(C)C)P1(=S)N(C)c2ccc3ccccc3c2-c2c(ccc3ccccc23)N1C,COc1cc2c([*])cc1OCCCCCCCCCCO2,COc1cc2c(Sc3cccc([N+](=O)[O-])c3)cc1OCCCCCCCCCCO2,1.1,2,0,0.3,0,0,48,0,0,48,73,75,7
6,1,COc1cc2ccc1OCCCCCCCCCCO2,O=C1c2ccccc2S(=O)(=O)N1Sc1ccc([N+](=O)[O-])cc1,CC(C)N(C(C)(C)C)P1(=S)N(C)c2ccc3ccccc3c2-c2c(ccc3ccccc23)N1C,COc1cc2c([*])cc1OCCCCCCCCCCO2,COc1cc2c(Sc3ccc([N+](=O)[O-])cc3)cc1OCCCCCCCCCCO2,1.1,2,0,0.3,0,0,48,0,0,48,81,70,5.666666667
6,1,COc1cc2ccc1OCCCCCCCCCCO2,O=C1c2ccccc2S(=O)(=O)N1Sc1ccccc1,CC(C)N(C(C)C)P1(=S)N(C)c2ccc3ccccc3c2-c2c(ccc3ccccc23)N1C,COc1cc2c([*])cc1OCCCCCCCCCCO2,COc1cc2c(Sc3ccccc3)cc1OCCCCCCCCCCO2,1.3,2,0,0.4,0,0,72,0,0,72,66,58,3.761904762
6,1,COc1cc2ccc1OCCCCCCCCCCO2,Cc1ccccc1SN1C(=O)c2ccccc2S1(=O)=O,CC(C)N(C(C)C)P1(=S)N(C)c2ccc3ccccc3c2-c2c(ccc3ccccc23)N1C,COc1cc2c([*])cc1OCCCCCCCCCCO2,COc1cc2c(Sc3ccccc3C)cc1OCCCCCCCCCCO2,1.3,2,0,0.4,0,0,72,0,0,72,50,64,4.555555556
6,1,COc1cc2ccc1OCCCCCCCCCCO2,CC(C)c1ccccc1SN1C(=O)c2ccccc2S1(=O)=O,CC(C)N(C(C)C)P1(=S)N(C)c2ccc3ccccc3c2-c2c(ccc3ccccc23)N1C,COc1cc2c([*])cc1OCCCCCCCCCCO2,COc1cc2c(Sc3ccccc3C(C)C)cc1OCCCCCCCCCCO2,1.3,2,0,0.4,0,0,72,0,0,72,51,83,10.76470588
6,1,COc1cc2ccc1OCCCCCCCCCCO2,O=C1c2ccccc2S(=O)(=O)N1Sc1ccccc1C(F)(F)F,CC(C)N(C(C)C)P1(=S)N(C)c2ccc3ccccc3c2-c2c(ccc3ccccc23)N1C,COc1cc2c([*])cc1OCCCCCCCCCCO2,COc1cc2c(Sc3ccccc3C(F)(F)F)cc1OCCCCCCCCCCO2,1.3,2,0,0.4,0,0,72,0,0,72,53,89,17.18181818
6,1,COc1cc2ccc1OCCCCCCCCCCO2,O=C1c2ccccc2S(=O)(=O)N1Sc1cccc(C(F)(F)F)c1,CC(C)N(C(C)(C)C)P1(=S)N(C)c2ccc3ccccc3c2-c2c(ccc3ccccc23)N1C,COc1cc2c([*])cc1OCCCCCCCCCCO2,COc1cc2c(Sc3cccc(C(F)(F)F)c3)cc1OCCCCCCCCCCO2,1.3,2,0,0.4,0,0,72,0,0,72,84,61,4.128205128
6,1,COc1cc2ccc1OCCCCCCCCCCO2,O=C1c2ccccc2S(=O)(=O)N1Sc1cc(F)cc(F)c1,CC(C)N(C(C)(C)C)P1(=S)N(C)c2ccc3ccccc3c2-c2c(ccc3ccccc23)N1C,COc1cc2c([*])cc1OCCCCCCCCCCO2,COc1cc2c(Sc3cc(F)cc(F)c3)cc1OCCCCCCCCCCO2,1.3,2,0,0.4,0,0,72,0,0,72,76,75,7
6,1,Oc1cc2ccc1OCCCCCCCCCCO2,O=C1c2ccccc2S(=O)(=O)N1Sc1ccccc1,CC(C)N(C(C)(C)C)P1(=S)N(C)c2ccc3ccccc3c2-c2c(ccc3ccccc23)N1C,Oc1cc2c([*])cc1OCCCCCCCCCCO2,Oc1cc2c(Sc3ccccc3)cc1OCCCCCCCCCCO2,1.3,2,0,0.4,0,-20,72,0,-20,72,59,53,3.255319149
6,1,Oc1cc2ccc1OCCCCCCCCCCO2,CC(C)c1ccccc1SN1C(=O)c2ccccc2S1(=O)=O,CC(C)N(C(C)(C)C)P1(=S)N(C)c2ccc3ccccc3c2-c2c(ccc3ccccc23)N1C,Oc1cc2c([*])cc1OCCCCCCCCCCO2,CC(C)c1ccccc1Sc1cc2c(O)cc1OCCCCCCCCCCO2,1.3,2,0,0.4,0,-20,72,0,-20,72,71,85,12.33333333
6,1,Oc1cc2ccc1OCCCCCCCCCCO2,O=C1c2ccccc2S(=O)(=O)N1Sc1ccccc1-c1ccccc1,CC(C)N(C(C)(C)C)P1(=S)N(C)c2ccc3ccccc3c2-c2c(ccc3ccccc23)N1C,Oc1cc2c([*])cc1OCCCCCCCCCCO2,Oc1cc2c(Sc3ccccc3-c3ccccc3)cc1OCCCCCCCCCCO2,1.3,2,0,0.4,0,-20,72,0,-20,72,89,91,21.22222222
6,1,Oc1cc2ccc1OCCCCCCCCCCO2,CC(C)c1cccc(C(C)C)c1SN1C(=O)c2ccccc2S1(=O)=O,CC(C)N(C(C)(C)C)P1(=S)N(C)c2ccc3ccccc3c2-c2c(ccc3ccccc23)N1C,Oc1cc2c([*])cc1OCCCCCCCCCCO2,CC(C)c1cccc(C(C)C)c1Sc1cc2c(O)cc1OCCCCCCCCCCO2,1.3,2,0,0.4,0,-20,72,0,-20,72,45,88,15.66666667
6,1,Oc1cc2ccc1OCCCCCCCCCCO2,Cc1cc(C)c(SN2C(=O)c3ccccc3S2(=O)=O)c(C)c1,CC(C)N(C(C)(C)C)P1(=S)N(C)c2ccc3ccccc3c2-c2c(ccc3ccccc23)N1C,Oc1cc2c([*])cc1OCCCCCCCCCCO2,Cc1cc(C)c(Sc2cc3c(O)cc2OCCCCCCCCCCO3)c(C)c1,1.3,2,0,0.4,0,-20,72,0,-20,72,88,72,6.142857143
6,1,Oc1cc2ccc1OCCCCCCCCCCO2,CC(C)c1cc(C(C)C)c(SN2C(=O)c3ccccc3S2(=O)=O)c(C(C)C)c1,CC(C)N(C(C)(C)C)P1(=S)N(C)c2ccc3ccccc3c2-c2c(ccc3ccccc23)N1C,Oc1cc2c([*])cc1OCCCCCCCCCCO2,CC(C)c1cc(C(C)C)c(Sc2cc3c(O)cc2OCCCCCCCCCCO3)c(C(C)C)c1,1.3,2,0,0.4,0,-20,72,0,-20,72,43,89,17.18181818
6,1,Oc1cc2ccc1OCCCCCCCCCCO2,COc1cc(C(C)C)c(SN2C(=O)c3ccccc3S2(=O)=O)c(C(C)C)c1,CC(C)N(C(C)(C)C)P1(=S)N(C)c2ccc3ccccc3c2-c2c(ccc3ccccc23)N1C,Oc1cc2c([*])cc1OCCCCCCCCCCO2,COc1cc(C(C)C)c(Sc2cc3c(O)cc2OCCCCCCCCCCO3)c(C(C)C)c1,1.3,2,0,0.4,0,-20,72,0,-20,72,68,91,21.22222222
3,1,CC(C)(C)c1cc(-c2ccccc2)cc(-c2ccccc2)c1NC1=CC(=O)c2ccccc2C1=O,O=C1c2ccccc2S(=O)(=O)N1Sc1ccccc1,CC(C)N(C(C)C)P1(=S)Oc2cccc3c2C2(CC3)CCc3cccc(c32)O1,CC(C)(C)c1cc(-c2ccccc2)cc(-c2ccccc2)c1NC1=C([*])C(=O)c2ccccc2C1=O,CC(C)(C)c1cc(-c2ccccc2)cc(-c2ccccc2)c1NC1=C(Sc2ccccc2)C(=O)c2ccccc2C1=O,1.2,4,0,1.2,1.5,-20,48,0,-20,48,93,69,5.451612903
3,1,CC(C)(C)c1cc(-c2ccccc2)cc(-c2ccccc2)c1NC1=CC(=O)c2ccccc2C1=O,Cc1ccccc1SN1C(=O)c2ccccc2S1(=O)=O,CC(C)N(C(C)C)P1(=S)Oc2cccc3c2C2(CC3)CCc3cccc(c32)O1,CC(C)(C)c1cc(-c2ccccc2)cc(-c2ccccc2)c1NC1=C([*])C(=O)c2ccccc2C1=O,Cc1ccccc1SC1=C(Nc2c(-c3ccccc3)cc(-c3ccccc3)cc2C(C)(C)C)C(=O)c2ccccc2C1=O,1.2,4,0,1.2,1.5,-20,48,0,-20,48,75,65,4.714285714
3,1,CC(C)(C)c1cc(-c2ccccc2)cc(-c2ccccc2)c1NC1=CC(=O)c2ccccc2C1=O,Cc1cccc(SN2C(=O)c3ccccc3S2(=O)=O)c1,CC(C)N(C(C)C)P1(=S)Oc2cccc3c2C2(CC3)CCc3cccc(c32)O1,CC(C)(C)c1cc(-c2ccccc2)cc(-c2ccccc2)c1NC1=C([*])C(=O)c2ccccc2C1=O,Cc1cccc(SC2=C(Nc3c(-c4ccccc4)cc(-c4ccccc4)cc3C(C)(C)C)C(=O)c3ccccc3C2=O)c1,1.2,4,0,1.2,1.5,-20,48,0,-20,48,92,62,4.263157895
3,1,CC(C)(C)c1cc(-c2ccccc2)cc(-c2ccccc2)c1NC1=CC(=O)c2ccccc2C1=O,Cc1ccc(SN2C(=O)c3ccccc3S2(=O)=O)cc1,CC(C)N(C(C)C)P1(=S)Oc2cccc3c2C2(CC3)CCc3cccc(c32)O1,CC(C)(C)c1cc(-c2ccccc2)cc(-c2ccccc2)c1NC1=C([*])C(=O)c2ccccc2C1=O,Cc1ccc(SC2=C(Nc3c(-c4ccccc4)cc(-c4ccccc4)cc3C(C)(C)C)C(=O)c3ccccc3C2=O)cc1,1.2,4,0,1.2,1.5,-20,48,0,-20,48,92,63,4.405405405
3,1,CC(C)(C)c1cc(-c2ccccc2)cc(-c2ccccc2)c1NC1=CC(=O)c2ccccc2C1=O,COc1ccccc1SN1C(=O)c2ccccc2S1(=O)=O,CC(C)N(C(C)C)P1(=S)Oc2cccc3c2C2(CC3)CCc3cccc(c32)O1,CC(C)(C)c1cc(-c2ccccc2)cc(-c2ccccc2)c1NC1=C([*])C(=O)c2ccccc2C1=O,COc1ccccc1SC1=C(Nc2c(-c3ccccc3)cc(-c3ccccc3)cc2C(C)(C)C)C(=O)c2ccccc2C1=O,1.2,4,0,1.2,1.5,-20,48,0,-20,48,56,67,5.060606061
3,1,CC(C)(C)c1cc(-c2ccccc2)cc(-c2ccccc2)c1NC1=CC(=O)c2ccccc2C1=O,COc1ccc(SN2C(=O)c3ccccc3S2(=O)=O)cc1,CC(C)N(C(C)C)P1(=S)Oc2cccc3c2C2(CC3)CCc3cccc(c32)O1,CC(C)(C)c1cc(-c2ccccc2)cc(-c2ccccc2)c1NC1=C([*])C(=O)c2ccccc2C1=O,COc1ccc(SC2=C(Nc3c(-c4ccccc4)cc(-c4ccccc4)cc3C(C)(C)C)C(=O)c3ccccc3C2=O)cc1,1.2,4,0,1.2,1.5,-20,48,0,-20,48,91,51,3.081632653
3,1,CC(C)(C)c1cc(-c2ccccc2)cc(-c2ccccc2)c1NC1=CC(=O)c2ccccc2C1=O,O=C1c2ccccc2S(=O)(=O)N1Sc1cccc(F)c1,CC(C)N(C(C)C)P1(=S)Oc2cccc3c2C2(CC3)CCc3cccc(c32)O1,CC(C)(C)c1cc(-c2ccccc2)cc(-c2ccccc2)c1NC1=C([*])C(=O)c2ccccc2C1=O,CC(C)(C)c1cc(-c2ccccc2)cc(-c2ccccc2)c1NC1=C(Sc2cccc(F)c2)C(=O)c2ccccc2C1=O,1.2,4,0,1.2,1.5,-20,48,0,-20,48,90,68,5.25
3,1,CC(C)(C)c1cc(-c2ccccc2)cc(-c2ccccc2)c1NC1=CC(=O)c2ccccc2C1=O,O=C1c2ccccc2S(=O)(=O)N1Sc1ccc(F)cc1,CC(C)N(C(C)C)P1(=S)Oc2cccc3c2C2(CC3)CCc3cccc(c32)O1,CC(C)(C)c1cc(-c2ccccc2)cc(-c2ccccc2)c1NC1=C([*])C(=O)c2ccccc2C1=O,CC(C)(C)c1cc(-c2ccccc2)cc(-c2ccccc2)c1NC1=C(Sc2ccc(F)cc2)C(=O)c2ccccc2C1=O,1.2,4,0,1.2,1.5,-20,48,0,-20,48,95,61,4.128205128
3,1,CC(C)(C)c1cc(-c2ccccc2)cc(-c2ccccc2)c1NC1=CC(=O)c2ccccc2C1=O,O=C1c2ccccc2S(=O)(=O)N1Sc1ccc2ccccc2c1,CC(C)N(C(C)C)P1(=S)Oc2cccc3c2C2(CC3)CCc3cccc(c32)O1,CC(C)(C)c1cc(-c2ccccc2)cc(-c2ccccc2)c1NC1=C([*])C(=O)c2ccccc2C1=O,CC(C)(C)c1cc(-c2ccccc2)cc(-c2ccccc2)c1NC1=C(Sc2ccc3ccccc3c2)C(=O)c2ccccc2C1=O,1.2,4,0,1.2,1.5,-20,48,0,-20,48,96,56,3.545454545
3,1,CC(C)(C)c1cc(-c2ccccc2)cc(-c2ccccc2)c1NC1=CC(=O)c2ccccc2C1=O,Cc1cc(C)c(SN2C(=O)c3ccccc3S2(=O)=O)c(C)c1,CC(C)N(C(C)C)P1(=S)Oc2cccc3c2C2(CC3)CCc3cccc(c32)O1,CC(C)(C)c1cc(-c2ccccc2)cc(-c2ccccc2)c1NC1=C([*])C(=O)c2ccccc2C1=O,Cc1cc(C)c(SC2=C(Nc3c(-c4ccccc4)cc(-c4ccccc4)cc3C(C)(C)C)C(=O)c3ccccc3C2=O)c(C)c1,1.2,4,0,1.2,1.5,-20,48,0,-20,48,47,22,1.564102564
3,1,CC(C)(C)c1cc(-c2ccccc2)cc(-c2ccccc2)c1NC1=CC(=O)c2ccccc2C1=O,COc1cc(C)c(SN2C(=O)c3ccccc3S2(=O)=O)c(C)c1,CC(C)N(C(C)C)P1(=S)Oc2cccc3c2C2(CC3)CCc3cccc(c32)O1,CC(C)(C)c1cc(-c2ccccc2)cc(-c2ccccc2)c1NC1=C([*])C(=O)c2ccccc2C1=O,COc1cc(C)c(SC2=C(Nc3c(-c4ccccc4)cc(-c4ccccc4)cc3C(C)(C)C)C(=O)c3ccccc3C2=O)c(C)c1,1.2,4,0,1.2,1.5,-20,48,0,-20,48,72,14,1.325581395
3,1,CC(C)(C)c1cc(-c2ccccc2)cc(-c2ccccc2)c1NC1=CC(=O)c2ccccc2C1=O,Cc1cccc(C)c1SN1C(=O)c2ccccc2S1(=O)=O,CC(C)N(C(C)C)P1(=S)Oc2cccc3c2C2(CC3)CCc3cccc(c32)O1,CC(C)(C)c1cc(-c2ccccc2)cc(-c2ccccc2)c1NC1=C([*])C(=O)c2ccccc2C1=O,Cc1cccc(C)c1SC1=C(Nc2c(-c3ccccc3)cc(-c3ccccc3)cc2C(C)(C)C)C(=O)c2ccccc2C1=O,1.2,4,0,1.2,1.5,-20,48,0,-20,48,49,2,1.040816327
3,1,CC(C)(C)c1cc(-c2ccccc2)cc(-c2ccccc2)c1NC1=CC(=O)c2ccccc2C1=O,COc1cccc(C)c1SN1C(=O)c2ccccc2S1(=O)=O,CC(C)N(C(C)C)P1(=S)Oc2cccc3c2C2(CC3)CCc3cccc(c32)O1,CC(C)(C)c1cc(-c2ccccc2)cc(-c2ccccc2)c1NC1=C([*])C(=O)c2ccccc2C1=O,COc1cccc(C)c1SC1=C(Nc2c(-c3ccccc3)cc(-c3ccccc3)cc2C(C)(C)C)C(=O)c2ccccc2C1=O,1.2,4,0,1.2,1.5,-20,48,0,-20,48,67,1,1.02020202
3,1,CC(C)(C)c1cc(-c2ccccc2)cc(-c2ccccc2)c1NC1=CC(=O)c2ccccc2C1=O,Cc1cc(C)cc(SN2C(=O)c3ccccc3S2(=O)=O)c1,CC(C)N(C(C)C)P1(=S)Oc2cccc3c2C2(CC3)CCc3cccc(c32)O1,CC(C)(C)c1cc(-c2ccccc2)cc(-c2ccccc2)c1NC1=C([*])C(=O)c2ccccc2C1=O,Cc1cc(C)cc(SC2=C(Nc3c(-c4ccccc4)cc(-c4ccccc4)cc3C(C)(C)C)C(=O)c3ccccc3C2=O)c1,1.2,4,0,1.2,3,-20,48,0,-20,48,75,42,2.448275862
3,1,CC(C)(C)c1cc(-c2ccccc2)cc(-c2ccccc2)c1NC1=CC(=O)c2ccccc2C1=O,O=C1c2ccccc2S(=O)(=O)N1Sc1cc(Cl)cc(Cl)c1,CC(C)N(C(C)C)P1(=S)Oc2cccc3c2C2(CC3)CCc3cccc(c32)O1,CC(C)(C)c1cc(-c2ccccc2)cc(-c2ccccc2)c1NC1=C([*])C(=O)c2ccccc2C1=O,CC(C)(C)c1cc(-c2ccccc2)cc(-c2ccccc2)c1NC1=C(Sc2cc(Cl)cc(Cl)c2)C(=O)c2ccccc2C1=O,1.2,4,0,1.2,3,-20,48,0,-20,48,94,60,4
3,1,CC(C)(C)c1cc(-c2ccccc2)cc(-c2ccccc2)c1NC1=CC(=O)c2ccccc2C1=O,COc1cccc(SN2C(=O)c3ccccc3S2(=O)=O)c1,CC(C)N(C(C)C)P1(=S)Oc2cccc3c2C2(CC3)CCc3cccc(c32)O1,CC(C)(C)c1cc(-c2ccccc2)cc(-c2ccccc2)c1NC1=C([*])C(=O)c2ccccc2C1=O,COc1cccc(SC2=C(Nc3c(-c4ccccc4)cc(-c4ccccc4)cc3C(C)(C)C)C(=O)c3ccccc3C2=O)c1,1.2,4,0,1.2,3,-20,48,0,-20,48,92,70,5.666666667
3,1,CC1=C(C)C(=O)C(Nc2c(-c3ccccc3)cc(-c3ccccc3)cc2C(C)(C)C)=CC1=O,Cc1ccccc1SN1C(=O)c2ccccc2S1(=O)=O,Cc1ccc2c3c1OP(=S)(N(C(C)C)C(C)(C)C)Oc1c(C)ccc4c1C3(CC2)CC4,CC1=C(C)C(=O)C(Nc2c(-c3ccccc3)cc(-c3ccccc3)cc2C(C)(C)C)=C([*])C1=O,CC1=C(C)C(=O)C(Sc2ccccc2C)=C(Nc2c(-c3ccccc3)cc(-c3ccccc3)cc2C(C)(C)C)C1=O,1.2,4,0,1.2,3,-40,72,0,-40,72,86,89,17.18181818
3,1,CC1=C(C)C(=O)C(Nc2c(-c3ccccc3)cc(-c3ccccc3)cc2C(C)(C)C)=CC1=O,Cc1cccc(SN2C(=O)c3ccccc3S2(=O)=O)c1,Cc1ccc2c3c1OP(=S)(N(C(C)C)C(C)(C)C)Oc1c(C)ccc4c1C3(CC2)CC4,CC1=C(C)C(=O)C(Nc2c(-c3ccccc3)cc(-c3ccccc3)cc2C(C)(C)C)=C([*])C1=O,CC1=C(C)C(=O)C(Sc2cccc(C)c2)=C(Nc2c(-c3ccccc3)cc(-c3ccccc3)cc2C(C)(C)C)C1=O,1.2,4,0,1.2,3,-40,72,0,-40,72,48,85,12.33333333
3,1,CC1=C(C)C(=O)C(Nc2c(-c3ccccc3)cc(-c3ccccc3)cc2C(C)(C)C)=CC1=O,O=C1c2ccccc2S(=O)(=O)N1Sc1cccc(F)c1,Cc1ccc2c3c1OP(=S)(N(C(C)C)C(C)(C)C)Oc1c(C)ccc4c1C3(CC2)CC4,CC1=C(C)C(=O)C(Nc2c(-c3ccccc3)cc(-c3ccccc3)cc2C(C)(C)C)=C([*])C1=O,CC1=C(C)C(=O)C(Sc2cccc(F)c2)=C(Nc2c(-c3ccccc3)cc(-c3ccccc3)cc2C(C)(C)C)C1=O,1.2,4,0,1.2,3,-40,72,0,-40,72,87,92,24
3,1,CC1=C(C)C(=O)C(Nc2c(-c3ccccc3)cc(-c3ccccc3)cc2C(C)(C)C)=CC1=O,COc1cccc(SN2C(=O)c3ccccc3S2(=O)=O)c1,Cc1ccc2c3c1OP(=S)(N(C(C)C)C(C)(C)C)Oc1c(C)ccc4c1C3(CC2)CC4,CC1=C(C)C(=O)C(Nc2c(-c3ccccc3)cc(-c3ccccc3)cc2C(C)(C)C)=C([*])C1=O,COc1cccc(SC2=C(Nc3c(-c4ccccc4)cc(-c4ccccc4)cc3C(C)(C)C)C(=O)C(C)=C(C)C2=O)c1,1.2,4,0,1.2,3,-40,72,0,-40,72,90,83,10.76470588
3,1,CC1=C(C)C(=O)C(Nc2c(-c3ccccc3)cc(-c3ccccc3)cc2C(C)(C)C)=CC1=O,Cc1ccc(SN2C(=O)c3ccccc3S2(=O)=O)cc1,Cc1ccc2c3c1OP(=S)(N(C(C)C)C(C)(C)C)Oc1c(C)ccc4c1C3(CC2)CC4,CC1=C(C)C(=O)C(Nc2c(-c3ccccc3)cc(-c3ccccc3)cc2C(C)(C)C)=C([*])C1=O,CC1=C(C)C(=O)C(Sc2ccc(C)cc2)=C(Nc2c(-c3ccccc3)cc(-c3ccccc3)cc2C(C)(C)C)C1=O,1.2,4,0,1.2,3,-40,72,0,-40,72,21,90,19
3,1,CC1=C(C)C(=O)C(Nc2c(-c3ccccc3)cc(-c3ccccc3)cc2C(C)(C)C)=CC1=O,O=C1c2ccccc2S(=O)(=O)N1Sc1ccc(F)cc1,Cc1ccc2c3c1OP(=S)(N(C(C)C)C(C)(C)C)Oc1c(C)ccc4c1C3(CC2)CC4,CC1=C(C)C(=O)C(Nc2c(-c3ccccc3)cc(-c3ccccc3)cc2C(C)(C)C)=C([*])C1=O,CC1=C(C)C(=O)C(Sc2ccc(F)cc2)=C(Nc2c(-c3ccccc3)cc(-c3ccccc3)cc2C(C)(C)C)C1=O,1.2,4,0,1.2,3,-40,72,0,-40,72,92,71,5.896551724
3,1,CC1=C(C)C(=O)C(Nc2c(-c3ccccc3)cc(-c3ccccc3)cc2C(C)(C)C)=CC1=O,COc1ccc(SN2C(=O)c3ccccc3S2(=O)=O)cc1,Cc1ccc2c3c1OP(=S)(N(C(C)C)C(C)(C)C)Oc1c(C)ccc4c1C3(CC2)CC4,CC1=C(C)C(=O)C(Nc2c(-c3ccccc3)cc(-c3ccccc3)cc2C(C)(C)C)=C([*])C1=O,COc1ccc(SC2=C(Nc3c(-c4ccccc4)cc(-c4ccccc4)cc3C(C)(C)C)C(=O)C(C)=C(C)C2=O)cc1,1.2,4,0,1.2,3,-40,72,0,-40,72,30,85,12.33333333
3,1,CC1=C(C)C(=O)C(Nc2c(-c3ccccc3)cc(-c3ccccc3)cc2C(C)(C)C)=CC1=O,COc1ccccc1SN1C(=O)c2ccccc2S1(=O)=O,Cc1ccc2c3c1OP(=S)(N(C(C)C)C(C)(C)C)Oc1c(C)ccc4c1C3(CC2)CC4,CC1=C(C)C(=O)C(Nc2c(-c3ccccc3)cc(-c3ccccc3)cc2C(C)(C)C)=C([*])C1=O,COc1ccccc1SC1=C(Nc2c(-c3ccccc3)cc(-c3ccccc3)cc2C(C)(C)C)C(=O)C(C)=C(C)C1=O,1.2,4,0,1.2,3,-20,72,0,-20,72,87,92,24
3,1,CC1=C(C)C(=O)C(Nc2c(-c3ccccc3)cc(-c3ccccc3)cc2C(C)(C)C)=CC1=O,O=C1c2ccccc2S(=O)(=O)N1Sc1ccc(C(F)(F)F)cc1,Cc1ccc2c3c1OP(=S)(N(C(C)C)C(C)(C)C)Oc1c(C)ccc4c1C3(CC2)CC4,CC1=C(C)C(=O)C(Nc2c(-c3ccccc3)cc(-c3ccccc3)cc2C(C)(C)C)=C([*])C1=O,CC1=C(C)C(=O)C(Sc2ccc(C(F)(F)F)cc2)=C(Nc2c(-c3ccccc3)cc(-c3ccccc3)cc2C(C)(C)C)C1=O,1.2,4,0,1.2,3,-50,72,0,-50,72,88,46,2.703703704
5,1,c1ccc(Nc2cccc(Nc3ccccc3)c2-c2cccc3ccccc23)cc1,Cc1ccc(SN2C(=O)c3ccccc3S2(=O)=O)cc1,COc1ccc(-c2ccc3c4c2OP(=[Se])(N(C(C)C)C(C)C)Oc2c(-c5ccc(OC)cc5)ccc5c2C4(CC3)CC5)cc1,[*]c1ccc(Nc2ccccc2)c(-c2cccc3ccccc23)c1Nc1ccccc1,Cc1ccc(Sc2ccc(Nc3ccccc3)c(-c3cccc4ccccc34)c2Nc2ccccc2)cc1,1.2,5,0,0.1,1,-80,18,0,-80,18,46,88,15.66666667
5,1,c1ccc(Nc2cccc(Nc3ccccc3)c2-c2cccc3ccccc23)cc1,O=C1c2ccccc2S(=O)(=O)N1Sc1ccc(F)cc1,COc1ccc(-c2ccc3c4c2OP(=[Se])(N(C(C)C)C(C)C)Oc2c(-c5ccc(OC)cc5)ccc5c2C4(CC3)CC5)cc1,[*]c1ccc(Nc2ccccc2)c(-c2cccc3ccccc23)c1Nc1ccccc1,Fc1ccc(Sc2ccc(Nc3ccccc3)c(-c3cccc4ccccc34)c2Nc2ccccc2)cc1,1.2,5,0,0.1,1,-80,18,0,-80,18,88,90,19
5,1,c1ccc(Nc2cccc(Nc3ccccc3)c2-c2cccc3ccccc23)cc1,O=C1c2ccccc2S(=O)(=O)N1Sc1ccc(C(F)(F)F)cc1,COc1ccc(-c2ccc3c4c2OP(=[Se])(N(C(C)C)C(C)C)Oc2c(-c5ccc(OC)cc5)ccc5c2C4(CC3)CC5)cc1,[*]c1ccc(Nc2ccccc2)c(-c2cccc3ccccc23)c1Nc1ccccc1,FC(F)(F)c1ccc(Sc2ccc(Nc3ccccc3)c(-c3cccc4ccccc34)c2Nc2ccccc2)cc1,1.2,5,0,0.1,1,-80,18,0,-80,18,98,88,15.66666667
5,1,c1ccc(Nc2cccc(Nc3ccccc3)c2-c2cccc3ccccc23)cc1,COc1ccc(SN2C(=O)c3ccccc3S2(=O)=O)cc1,COc1ccc(-c2ccc3c4c2OP(=[Se])(N(C(C)C)C(C)C)Oc2c(-c5ccc(OC)cc5)ccc5c2C4(CC3)CC5)cc1,[*]c1ccc(Nc2ccccc2)c(-c2cccc3ccccc23)c1Nc1ccccc1,COc1ccc(Sc2ccc(Nc3ccccc3)c(-c3cccc4ccccc34)c2Nc2ccccc2)cc1,1.2,5,0,0.1,1,-70,18,0,-70,18,94,86,13.28571429
5,1,c1ccc(Nc2cccc(Nc3ccccc3)c2-c2cccc3ccccc23)cc1,Cc1cccc(SN2C(=O)c3ccccc3S2(=O)=O)c1,COc1ccc(-c2ccc3c4c2OP(=[Se])(N(C(C)C)C(C)C)Oc2c(-c5ccc(OC)cc5)ccc5c2C4(CC3)CC5)cc1,[*]c1ccc(Nc2ccccc2)c(-c2cccc3ccccc23)c1Nc1ccccc1,Cc1cccc(Sc2ccc(Nc3ccccc3)c(-c3cccc4ccccc34)c2Nc2ccccc2)c1,1.2,5,0,0.1,1,-80,18,0,-80,18,80,91,21.22222222
5,1,c1ccc(Nc2cccc(Nc3ccccc3)c2-c2cccc3ccccc23)cc1,O=C1c2ccccc2S(=O)(=O)N1Sc1cccc(F)c1,COc1ccc(-c2ccc3c4c2OP(=[Se])(N(C(C)C)C(C)C)Oc2c(-c5ccc(OC)cc5)ccc5c2C4(CC3)CC5)cc1,[*]c1ccc(Nc2ccccc2)c(-c2cccc3ccccc23)c1Nc1ccccc1,Fc1cccc(Sc2ccc(Nc3ccccc3)c(-c3cccc4ccccc34)c2Nc2ccccc2)c1,1.2,5,0,0.1,1,-80,18,0,-80,18,89,92,24
5,1,c1ccc(Nc2cccc(Nc3ccccc3)c2-c2cccc3ccccc23)cc1,COc1cccc(SN2C(=O)c3ccccc3S2(=O)=O)c1,COc1ccc(-c2ccc3c4c2OP(=[Se])(N(C(C)C)C(C)C)Oc2c(-c5ccc(OC)cc5)ccc5c2C4(CC3)CC5)cc1,[*]c1ccc(Nc2ccccc2)c(-c2cccc3ccccc23)c1Nc1ccccc1,COc1cccc(Sc2ccc(Nc3ccccc3)c(-c3cccc4ccccc34)c2Nc2ccccc2)c1,1.2,5,0,0.1,1,-80,18,0,-80,18,99,90,19
5,1,c1ccc(Nc2cccc(Nc3ccccc3)c2-c2cccc3ccccc23)cc1,O=C1c2ccccc2S(=O)(=O)N1Sc1ccc2ccccc2c1,COc1ccc(-c2ccc3c4c2OP(=[Se])(N(C(C)C)C(C)C)Oc2c(-c5ccc(OC)cc5)ccc5c2C4(CC3)CC5)cc1,[*]c1ccc(Nc2ccccc2)c(-c2cccc3ccccc23)c1Nc1ccccc1,c1ccc(Nc2ccc(Sc3ccc4ccccc4c3)c(Nc3ccccc3)c2-c2cccc3ccccc23)cc1,1.2,5,0,0.1,1,-80,18,0,-80,18,83,95,39
5,1,c1ccc(Nc2cccc(Nc3ccccc3)c2-c2cccc3ccccc23)cc1,O=C1c2ccccc2S(=O)(=O)N1Sc1cc(Cl)cc(Cl)c1,COc1ccc(-c2ccc3c4c2OP(=[Se])(N(C(C)C)C(C)C)Oc2c(-c5ccc(OC)cc5)ccc5c2C4(CC3)CC5)cc1,[*]c1ccc(Nc2ccccc2)c(-c2cccc3ccccc23)c1Nc1ccccc1,Clc1cc(Cl)cc(Sc2ccc(Nc3ccccc3)c(-c3cccc4ccccc34)c2Nc2ccccc2)c1,1.2,5,0,0.1,1,-80,18,0,-80,18,86,94,32.33333333
5,1,c1ccc(Nc2cccc(Nc3ccccc3)c2-c2cccc3ccccc23)cc1,O=C1c2ccccc2S(=O)(=O)N1Sc1ccccc1,CC(C)N(C(C)C)P1(=[Se])Oc2ccc3c(c2-c2c(ccc4c2CCCC4)O1)CCCC3,[*]c1ccc(Nc2ccccc2)c(-c2cccc3ccccc23)c1Nc1ccccc1,c1ccc(Nc2ccc(Sc3ccccc3)c(Nc3ccccc3)c2-c2cccc3ccccc23)cc1,1.2,5,0,0.1,1,-80,18,0,-50,12,82,36,39.16402116
5,1,c1ccc(Nc2cccc(Nc3ccccc3)c2-c2cccc3ccccc23)cc1,O=C1c2ccccc2S(=O)(=O)N1Sc1ccccc1,CC(C)N(C(C)C)P1(=S)Oc2ccc3c(c2-c2c(ccc4c2CCCC4)O1)CCCC3,[*]c1ccc(Nc2ccccc2)c(-c2cccc3ccccc23)c1Nc1ccccc1,c1ccc(Nc2ccc(Sc3ccccc3)c(Nc3ccccc3)c2-c2cccc3ccccc23)cc1,1.2,5,0,0.1,1,-80,18,0,-50,12,81,0,43.26606198
5,1,c1ccc(Nc2cccc(Nc3ccccc3)c2-c2cccc3ccccc23)cc1,O=C1c2ccccc2S(=O)(=O)N1Sc1ccccc1,CC(C)N(C(C)C)P1(=[Se])N(C)c2ccc3c(c2-c2c(ccc4c2CCCC4)N1C)CCCC3,[*]c1ccc(Nc2ccccc2)c(-c2cccc3ccccc23)c1Nc1ccccc1,c1ccc(Nc2ccc(Sc3ccccc3)c(Nc3ccccc3)c2-c2cccc3ccccc23)cc1,1.2,5,0,0.1,1,-80,18,0,-50,12,74,19,47.36810279
5,1,c1ccc(Nc2cccc(Nc3ccccc3)c2-c2cccc3ccccc23)cc1,O=C1c2ccccc2S(=O)(=O)N1Sc1ccccc1,CC(C)N(C(C)C)P1(=S)N(C)c2ccc3c(c2-c2c(ccc4c2CCCC4)N1C)CCCC3,[*]c1ccc(Nc2ccccc2)c(-c2cccc3ccccc23)c1Nc1ccccc1,c1ccc(Nc2ccc(Sc3ccccc3)c(Nc3ccccc3)c2-c2cccc3ccccc23)cc1,1.2,5,0,0.1,1,-80,18,0,-50,12,62,35,51.47014361
5,1,c1ccc(Nc2cccc(Nc3ccccc3)c2-c2cccc3ccccc23)cc1,O=C1c2ccccc2S(=O)(=O)N1Sc1ccccc1,CC(C)N(C(C)C)P1(=S)N(C)c2cccc3c2C2(CC3)CCc3cccc(c32)N1C,[*]c1ccc(Nc2ccccc2)c(-c2cccc3ccccc23)c1Nc1ccccc1,c1ccc(Nc2ccc(Sc3ccccc3)c(Nc3ccccc3)c2-c2cccc3ccccc23)cc1,1.2,5,0,0.1,1,-80,18,0,-50,12,70,0,55.57218442
5,1,c1ccc(Nc2cccc(Nc3ccccc3)c2-c2cccc3ccccc23)cc1,O=C1c2ccccc2S(=O)(=O)N1Sc1ccccc1,CC(C)N(C(C)C)P1(=[Se])N(C)c2cccc3c2C2(CC3)CCc3cccc(c32)N1C,[*]c1ccc(Nc2ccccc2)c(-c2cccc3ccccc23)c1Nc1ccccc1,c1ccc(Nc2ccc(Sc3ccccc3)c(Nc3ccccc3)c2-c2cccc3ccccc23)cc1,1.2,5,0,0.1,1,-80,18,0,-50,12,86,0,59.67422524
5,1,c1ccc(Nc2cccc(Nc3ccccc3)c2-c2cccc3ccccc23)cc1,O=C1c2ccccc2S(=O)(=O)N1Sc1ccccc1,CC(C)N(C(C)C)P1(=S)Oc2cccc3c2C2(CC3)CCc3cccc(c32)O1,[*]c1ccc(Nc2ccccc2)c(-c2cccc3ccccc23)c1Nc1ccccc1,c1ccc(Nc2ccc(Sc3ccccc3)c(Nc3ccccc3)c2-c2cccc3ccccc23)cc1,1.2,5,0,0.1,1,-80,18,0,-50,12,90,3,63.77626605
5,1,c1ccc(Nc2cccc(Nc3ccccc3)c2-c2cccc3ccccc23)cc1,O=C1c2ccccc2S(=O)(=O)N1Sc1ccccc1,CC(C)N(C(C)C)P1(=S)N(C)c2ccc3ccccc3c2-c2c(ccc3ccccc23)N1C,[*]c1ccc(Nc2ccccc2)c(-c2cccc3ccccc23)c1Nc1ccccc1,c1ccc(Nc2ccc(Sc3ccccc3)c(Nc3ccccc3)c2-c2cccc3ccccc23)cc1,1.2,5,0,0.1,1,-80,18,0,-50,12,88,24,76.0823885
5,1,c1ccc(Nc2cccc(Nc3ccccc3)c2-c2cccc3ccccc23)cc1,O=C1c2ccccc2S(=O)(=O)N1Sc1ccccc1,CC(C)N(C(C)C)P1(=S)Oc2ccc3ccccc3c2-c2c(ccc3ccccc23)O1,[*]c1ccc(Nc2ccccc2)c(-c2cccc3ccccc23)c1Nc1ccccc1,c1ccc(Nc2ccc(Sc3ccccc3)c(Nc3ccccc3)c2-c2cccc3ccccc23)cc1,1.2,5,0,0.1,1,-80,18,0,-50,12,95,0,80.18442931
5,1,c1ccc(Nc2cccc(Nc3ccccc3)c2-c2cccc3ccccc23)cc1,O=C1c2ccccc2S(=O)(=O)N1Sc1ccccc1,CC(C)N(C(C)C)P1(=[Se])Oc2ccc3ccccc3c2-c2c(ccc3ccccc23)O1,[*]c1ccc(Nc2ccccc2)c(-c2cccc3ccccc23)c1Nc1ccccc1,c1ccc(Nc2ccc(Sc3ccccc3)c(Nc3ccccc3)c2-c2cccc3ccccc23)cc1,1.2,5,0,0.1,1,-80,18,0,-50,12,45,73,84.28647013
4,1,CCCOc1c2cccc1Cc1cccc(c1OCCC)Cc1cc(Nc3ccc(F)cc3)cc(c1OCCC)Cc1cccc(c1OCCC)C2,O=C1c2ccccc2S(=O)(=O)N1Sc1ccccc1,CC(C)N(C(C)C)P1(=[Se])Oc2ccc3ccccc3c2-c2c(ccc3ccccc23)O1,CCCOc1c2cccc1Cc1cccc(c1OCCC)Cc1c([*])c(Nc3ccc(F)cc3)cc(c1OCCC)Cc1cccc(c1OCCC)C2,CCCOc1c2cccc1Cc1cccc(c1OCCC)Cc1c(OCCC)c(cc(Nc3ccc(F)cc3)c1Sc1ccccc1)Cc1cccc(c1OCCC)C2,1.2,2,2,0.1,0,-10,22,0,-10,22,33,18,10.21150454
4,1,CCCOc1c2cccc1Cc1cccc(c1OCCC)Cc1cc(Nc3ccc(F)cc3)cc(c1OCCC)Cc1cccc(c1OCCC)C2,O=C1c2ccccc2S(=O)(=O)N1Sc1ccccc1,CC(C)N(C(C)C)P1(=[Se])Oc2cccc3c2C2(CC3)CCc3cccc(c32)O1,CCCOc1c2cccc1Cc1cccc(c1OCCC)Cc1c([*])c(Nc3ccc(F)cc3)cc(c1OCCC)Cc1cccc(c1OCCC)C2,CCCOc1c2cccc1Cc1cccc(c1OCCC)Cc1c(OCCC)c(cc(Nc3ccc(F)cc3)c1Sc1ccccc1)Cc1cccc(c1OCCC)C2,1.2,2,2,0.1,0,-10,22,0,-10,22,25,7,6.548500879
4,1,CCCOc1c2cccc1Cc1cccc(c1OCCC)Cc1cc(Nc3ccc(F)cc3)cc(c1OCCC)Cc1cccc(c1OCCC)C2,O=C1c2ccccc2S(=O)(=O)N1Sc1ccccc1,CC(C)N(C(C)C)P1(=[Se])Oc2ccc3c(c2-c2c(ccc4c2CCCC4)O1)CCCC3,CCCOc1c2cccc1Cc1cccc(c1OCCC)Cc1c([*])c(Nc3ccc(F)cc3)cc(c1OCCC)Cc1cccc(c1OCCC)C2,CCCOc1c2cccc1Cc1cccc(c1OCCC)Cc1c(OCCC)c(cc(Nc3ccc(F)cc3)c1Sc1ccccc1)Cc1cccc(c1OCCC)C2,1.2,2,2,0.1,0,-10,22,0,-10,22,30,10,5.327499657
4,1,CCCOc1c2cccc1Cc1cccc(c1OCCC)Cc1cc(Nc3ccc(F)cc3)cc(c1OCCC)Cc1cccc(c1OCCC)C2,O=C1c2ccccc2S(=O)(=O)N1Sc1ccccc1,CC(C)N(C(C)C)P1(=S)Oc2ccc3c(c2-c2c(ccc4c2CCCC4)O1)CCCC3,CCCOc1c2cccc1Cc1cccc(c1OCCC)Cc1c([*])c(Nc3ccc(F)cc3)cc(c1OCCC)Cc1cccc(c1OCCC)C2,CCCOc1c2cccc1Cc1cccc(c1OCCC)Cc1c(OCCC)c(cc(Nc3ccc(F)cc3)c1Sc1ccccc1)Cc1cccc(c1OCCC)C2,1.2,2,2,0.1,0,-10,22,0,-10,22,16,0,4.106498436
7,1,Oc1ccc2ccccc2c1C#CCCc1ccccc1,O=C1c2ccccc2S(=O)(=O)N1Sc1ccccc1,CN1c2ccc3ccccc3c2-c2c(ccc3ccccc23)N(C)P1(=S)N(C)[C@]12C[C@H]3C[C@H](C[C@H](C3)C1)C2,Oc1ccc2ccccc2c1C1=C([*])CCc2ccccc21,Oc1ccc2ccccc2c1C1=C(Sc2ccccc2)CCc2ccccc21,1.2,2,0,0.2,0,-20,16,0,-20,16,92,40,2.636363636
7,1,Oc1ccc2ccccc2c1C#CCCc1ccccc1,O=C1c2ccccc2S(=O)(=O)N1Sc1ccccc1,CC(C)N(C(c1ccccc1)c1ccccc1)P1(=S)N(C)c2ccc3ccccc3c2-c2c(ccc3ccccc23)N1C,Oc1ccc2ccccc2c1C1=C([*])CCc2ccccc21,Oc1ccc2ccccc2c1C1=C(Sc2ccccc2)CCc2ccccc21,1.2,2,0,0.2,0,-20,16,0,-20,16,77,20,1.5
7,1,Oc1ccc2ccccc2c1C#CCCc1ccccc1,O=C1c2ccccc2S(=O)(=O)N1Sc1ccccc1,CC(C)N(C(C)(C)C)P1(=S)N(C)c2ccc3ccccc3c2-c2c(ccc3ccccc23)N1C,Oc1ccc2ccccc2c1C1=C([*])CCc2ccccc21,Oc1ccc2ccccc2c1C1=C(Sc2ccccc2)CCc2ccccc21,1.2,2,0,0.2,0,-20,16,0,-20,16,96,18,1.454253916
7,1,Oc1ccc2ccccc2c1C#CCCc1ccccc1,O=C1c2ccccc2S(=O)(=O)N1Sc1ccccc1,CN1c2ccc3ccccc3c2-c2c(ccc3ccccc23)N(C)P1(=S)N(C1CCCCC1)C1CCCCC1,Oc1ccc2ccccc2c1C1=C([*])CCc2ccccc21,Oc1ccc2ccccc2c1C1=C(Sc2ccccc2)CCc2ccccc21,1.2,2,0,0.2,0,-20,16,0,-20,16,95,18,1.488209774
7,1,Oc1ccc2ccccc2c1C#CCCc1ccccc1,O=C1c2ccccc2S(=O)(=O)N1Sc1ccccc1,C[C@H](c1ccccc1)N([C@H](C)c1ccccc1)P1(=S)N(C)c2ccc3ccccc3c2-c2c(ccc3ccccc23)N1C,Oc1ccc2ccccc2c1C1=C([*])CCc2ccccc21,Oc1ccc2ccccc2c1C1=C(Sc2ccccc2)CCc2ccccc21,1.2,2,0,0.2,0,-20,16,0,-20,16,82,23,1.556121489
7,1,Oc1ccc2ccccc2c1C#CCCc1ccccc1,O=C1c2ccccc2S(=O)(=O)N1Sc1ccccc1,CC(C)[C@@H](c1ccccc1)N(C(C)C)P1(=S)N(C)c2ccc3ccccc3c2-c2c(ccc3ccccc23)N1C,Oc1ccc2ccccc2c1C1=C([*])CCc2ccccc21,Oc1ccc2ccccc2c1C1=C(Sc2ccccc2)CCc2ccccc21,1.2,2,0,0.2,0,-20,16,0,-20,16,95,13,1.607055275
7,1,Oc1ccc2ccccc2c1C#CCCc1ccccc1,O=C1c2ccccc2S(=O)(=O)N1Sc1ccccc1,CC(C)N(C)P1(=S)N(C)c2ccc3ccccc3c2-c2c(ccc3ccccc23)N1C,Oc1ccc2ccccc2c1C1=C([*])CCc2ccccc21,Oc1ccc2ccccc2c1C1=C(Sc2ccccc2)CCc2ccccc21,1.2,2,0,0.2,0,-20,16,0,-20,16,99,17,1.82776835
7,1,Oc1ccc2ccccc2c1C#CCCc1ccccc1,O=C1c2ccccc2S(=O)(=O)N1Sc1ccccc1,CN1c2ccc3ccccc3c2-c2c(ccc3ccccc23)N(C)P1(=S)N(C)C(C)(C)C,Oc1ccc2ccccc2c1C1=C([*])CCc2ccccc21,Oc1ccc2ccccc2c1C1=C(Sc2ccccc2)CCc2ccccc21,1.2,2,0,0.2,0,-20,16,0,-20,16,99,53,1.844746278
7,2,Oc1ccc2ccccc2c1C#CCCc1ccccc1,CC(C)c1ccccc1SN1C(=O)c2ccccc2S1(=O)=O,CN1c2ccc3ccccc3c2-c2c(ccc3ccccc23)N(C)P1(=S)N(C)C(C)(C)C,Oc1ccc2ccccc2c1C1=C([*])CCc2ccccc21,CC(C)c1ccccc1SC1=C(c2c(O)ccc3ccccc23)c2ccccc2CC1,1.2,2,0,0.2,0,-40,16,0,-20,16,99,87,2.065459353
7,2,Oc1ccc2ccccc2c1C#CCCc1ccccc1,O=C1c2ccccc2S(=O)(=O)N1Sc1ccccc1F,CN1c2ccc3ccccc3c2-c2c(ccc3ccccc23)N(C)P1(=S)N(C)C(C)(C)C,Oc1ccc2ccccc2c1C1=C([*])CCc2ccccc21,Oc1ccc2ccccc2c1C1=C(Sc2ccccc2F)CCc2ccccc21,1.2,2,0,0.2,0,-40,16,0,-20,16,85,66,2.082437282
7,2,Oc1ccc2ccccc2c1C#CCCc1ccccc1,COc1ccccc1SN1C(=O)c2ccccc2S1(=O)=O,CN1c2ccc3ccccc3c2-c2c(ccc3ccccc23)N(C)P1(=S)N(C)C(C)(C)C,Oc1ccc2ccccc2c1C1=C([*])CCc2ccccc21,COc1ccccc1SC1=C(c2c(O)ccc3ccccc23)c2ccccc2CC1,1.2,2,0,0.2,0,-10,16,0,-20,16,18,67,2.09941521
7,2,Oc1ccc2ccccc2c1C#CCCc1ccccc1,Cc1ccccc1SN1C(=O)c2ccccc2S1(=O)=O,CN1c2ccc3ccccc3c2-c2c(ccc3ccccc23)N(C)P1(=S)N(C)C(C)(C)C,Oc1ccc2ccccc2c1C1=C([*])CCc2ccccc21,Cc1ccccc1SC1=C(c2c(O)ccc3ccccc23)c2ccccc2CC1,1.2,2,0,0.2,0,-40,16,0,-20,16,84,81,2.116393139
7,2,Oc1ccc2ccccc2c1C#CCCc1ccccc1,O=C1c2ccccc2S(=O)(=O)N1Sc1ccccc1C(F)(F)F,CN1c2ccc3ccccc3c2-c2c(ccc3ccccc23)N(C)P1(=S)N(C)C(C)(C)C,Oc1ccc2ccccc2c1C1=C([*])CCc2ccccc21,Oc1ccc2ccccc2c1C1=C(Sc2ccccc2C(F)(F)F)CCc2ccccc21,1.2,2,0,0.2,0,-40,16,0,-20,16,99,92,2.133371068
7,2,Oc1ccc2ccccc2c1C#CCCc1ccccc1,CC(C)c1cccc(C(C)C)c1SN1C(=O)c2ccccc2S1(=O)=O,CN1c2ccc3ccccc3c2-c2c(ccc3ccccc23)N(C)P1(=S)N(C)C(C)(C)C,Oc1ccc2ccccc2c1C1=C([*])CCc2ccccc21,CC(C)c1cccc(C(C)C)c1SC1=C(c2c(O)ccc3ccccc23)c2ccccc2CC1,1.2,2,0,0.2,0,-40,16,0,-20,16,77,95,2.150348997
7,2,Oc1ccc2ccccc2c1C#CCCc1ccccc1,CC(C)c1cc(C(C)C)c(SN2C(=O)c3ccccc3S2(=O)=O)c(C(C)C)c1,CN1c2ccc3ccccc3c2-c2c(ccc3ccccc23)N(C)P1(=S)N(C)C(C)(C)C,Oc1ccc2ccccc2c1C1=C([*])CCc2ccccc21,CC(C)c1cc(C(C)C)c(SC2=C(c3c(O)ccc4ccccc34)c3ccccc3CC2)c(C(C)C)c1,1.2,2,0,0.2,0,-40,16,0,-20,16,92,97,2.218260712
7,2,Oc1ccc2ccccc2c1C#CCCc1ccccc1,COc1cc(C(C)C)c(SN2C(=O)c3ccccc3S2(=O)=O)c(C(C)C)c1,CN1c2ccc3ccccc3c2-c2c(ccc3ccccc23)N(C)P1(=S)N(C)C(C)(C)C,Oc1ccc2ccccc2c1C1=C([*])CCc2ccccc21,COc1cc(C(C)C)c(SC2=C(c3c(O)ccc4ccccc34)c3ccccc3CC2)c(C(C)C)c1,1.2,2,0,0.2,0,-40,16,0,-20,16,99,92,2.235238641
7,2,Oc1ccc2ccccc2c1C#CCCc1ccccc1,C1(c2ccccc2SN2S(=O)(=O)c3c(cccc3)C2=O)=CC=CC=C1,CN1c2ccc3ccccc3c2-c2c(ccc3ccccc23)N(C)P1(=S)N(C)C(C)(C)C,Oc1ccc2ccccc2c1C1=C([*])CCc2ccccc21,c1cc(C2=CC=CC=C2)c(S/C2=C(\c3c(O)ccc4ccccc34)c3ccccc3CC2)cc1,1.2,2,0,0.2,0,-40,16,0,-20,16,99,91,
8,1,C=C(c1ccccc1)C1(O)CCC1,O=C1CCC(=O)N1[Se]c1ccccc1[N+](=O)[O-],CC(C)N(C(C)C)P1(=S)N(C)c2ccc3ccccc3c2-c2c(ccc3ccccc23)N1C,O=C1CCC[C@@]1(C1=CC=CC=C1)C[*],O=C1CCC[C@]1(C[Se]c1ccccc1[N+](=O)[O-])c1ccccc1,,,,,,-20,,,,,63,-76,
